Order,Family,Genus ,Species name ,Type of habitat,Altitud ,Longitud,Latitud ,Distribution (?) ,Period of reproduction (seasonality) ,Locality (?),Clutch size,Tadpole size ,Notes (interesting information) ,Citation 
Anura,Ceratophryidae,Ceratophrys,Ceratophrys_aurita,,,,,,,,,,,
Anura,Ceratophryidae,Ceratophrys,Ceratophrys_calcarata,,,,,,,,,,,
Anura,Ceratophryidae,Ceratophrys,Ceratophrys_cornuta,,,,,,,,,,,
Anura,Ceratophryidae,Ceratophrys,Ceratophrys_cranwelli,,,,,,,,,,,
Anura,Ceratophryidae,Ceratophrys,Ceratophrys_joazeirensis,,,,,,,,,,,
Anura,Ceratophryidae,Ceratophrys,Ceratophrys_ornata,,,,,,,,,,,
Anura,Ceratophryidae,Ceratophrys,Ceratophrys_stolzmanni,,,,,,,,,,,
Anura,Ceratophryidae,Chacophrys,Chacophrys_pierottii,,,,,,,,,,,
Anura,Ceratophryidae,Lepidobatrachus,Lepidobatrachus_asper,,,,,,,,,,,
Anura,Ceratophryidae,Lepidobatrachus,Lepidobatrachus_laevis,,,,,,,,,,,
Anura,Ceratophryidae,Lepidobatrachus,Lepidobatrachus_llanensis,,,,,,,,,,,
Anura,Hemiphractidae,Cryptobatrachus,Cryptobatrachus_boulengeri,,,,,,,,,,,
Anura,Hemiphractidae,Cryptobatrachus,Cryptobatrachus_fuhrmanni,,,,,,,,,,,
Anura,Hemiphractidae,Cryptobatrachus,Cryptobatrachus_pedroruizi,,,,,,,,,,,
Anura,Hemiphractidae,Cryptobatrachus,Cryptobatrachus_remotus,,,,,,,,,,,
Anura,Hemiphractidae,Flectonotus,Flectonotus_fitzgeraldi,,,,,,,,,,,
Anura,Hemiphractidae,Flectonotus,Flectonotus_pygmaeus,,,,,,,,,,,
Anura,Hemiphractidae,Fritziana,Fritziana_fissilis,,,,,,,,,,,
Anura,Hemiphractidae,Fritziana,Fritziana_goeldii,,,,,,,,,,,
Anura,Hemiphractidae,Fritziana,Fritziana_izecksohni,,,,,,,,,,,
Anura,Hemiphractidae,Fritziana,Fritziana_mitus,,,,,,,,,,,
Anura,Hemiphractidae,Fritziana,Fritziana_ohausi,,,,,,,,,,,
Anura,Hemiphractidae,Fritziana,Fritziana_ulei,,,,,,,,,,,
Anura,Hemiphractidae,Gastrotheca,Gastrotheca_abdita,,,,,,,,,,,
Anura,Hemiphractidae,Gastrotheca,Gastrotheca_aguaruna,,,,,,,,,,,
Anura,Hemiphractidae,Gastrotheca,Gastrotheca_albolineata,,,,,,,,,,,
Anura,Hemiphractidae,Gastrotheca,Gastrotheca_antoniiochoai,,,,,,,,,,,
Anura,Hemiphractidae,Gastrotheca,Gastrotheca_aratia,,,,,,,,,,,
Anura,Hemiphractidae,Gastrotheca,Gastrotheca_argenteovirens,,,,,,,,,,,
Anura,Hemiphractidae,Gastrotheca,Gastrotheca_atympana,,,,,,,,,,,
Anura,Hemiphractidae,Gastrotheca,Gastrotheca_aureomaculata,,,,,,,,,,,
Anura,Hemiphractidae,Gastrotheca,Gastrotheca_christiani,,,,,,,,,,,
Anura,Hemiphractidae,Gastrotheca,Gastrotheca_chrysosticta,,,,,,,,,,,
Anura,Hemiphractidae,Gastrotheca,Gastrotheca_coeruleomaculatus,,,,,,,,,,,
Anura,Hemiphractidae,Gastrotheca,Gastrotheca_cornuta,,,,,,,,,,,
Anura,Hemiphractidae,Gastrotheca,Gastrotheca_cuencana,,,,,,,,,,,
Anura,Hemiphractidae,Gastrotheca,Gastrotheca_dendronastes,,,,,,,,,,,
Anura,Hemiphractidae,Gastrotheca,Gastrotheca_dissimilis,,,,,,,,,,,
Anura,Hemiphractidae,Gastrotheca,Gastrotheca_dunni,,,,,,,,,,,
Anura,Hemiphractidae,Gastrotheca,Gastrotheca_elicioi,,,,,,,,,,,
Anura,Hemiphractidae,Gastrotheca,Gastrotheca_ernestoi,,,,,,,,,,,
Anura,Hemiphractidae,Gastrotheca,Gastrotheca_espeletia,,,,,,,,,,,
Anura,Hemiphractidae,Gastrotheca,Gastrotheca_excubitor,,,,,,,,,,,
Anura,Hemiphractidae,Gastrotheca,Gastrotheca_fissipes,,,,,,,,,,,
Anura,Hemiphractidae,Gastrotheca,Gastrotheca_flamma,,,,,,,,,,,
Anura,Hemiphractidae,Gastrotheca,Gastrotheca_fulvorufa,,,,,,,,,,,
Anura,Hemiphractidae,Gastrotheca,Gastrotheca_galeata,,,,,,,,,,,
Anura,Hemiphractidae,Gastrotheca,Gastrotheca_gracilis,,,,,,,,,,,
Anura,Hemiphractidae,Gastrotheca,Gastrotheca_griswoldi,,,,,,,,,,,
Anura,Hemiphractidae,Gastrotheca,Gastrotheca_guentheri,,,,,,,,,,,
Anura,Hemiphractidae,Gastrotheca,Gastrotheca_helenae,,,,,,,,,,,
Anura,Hemiphractidae,Gastrotheca,Gastrotheca_lateonota,,,,,,,,,,,
Anura,Hemiphractidae,Gastrotheca,Gastrotheca_litonedis,,,,,,,,,,,
Anura,Hemiphractidae,Gastrotheca,Gastrotheca_lojana,,,,,,,,,,,
Anura,Hemiphractidae,Gastrotheca,Gastrotheca_longipes,,,,,,,,,,,
Anura,Hemiphractidae,Gastrotheca,Gastrotheca_marsupiata,,,,,,,,,,,
Anura,Hemiphractidae,Gastrotheca,Gastrotheca_microdiscus,,,,,,,,,,,
Anura,Hemiphractidae,Gastrotheca,Gastrotheca_monticola,,,,,,,,,,,
Anura,Hemiphractidae,Gastrotheca,Gastrotheca_nebulanastes,,,,,,,,,,,
Anura,Hemiphractidae,Gastrotheca,Gastrotheca_nicefori,,,,,,,,,,,
Anura,Hemiphractidae,Gastrotheca,Gastrotheca_ochoai,,,,,,,,,,,
Anura,Hemiphractidae,Gastrotheca,Gastrotheca_orophylax,,,,,,,,,,,
Anura,Hemiphractidae,Gastrotheca,Gastrotheca_ovifera,,,,,,,,,,,
Anura,Hemiphractidae,Gastrotheca,Gastrotheca_pachachacae,,,,,,,,,,,
Anura,Hemiphractidae,Gastrotheca,Gastrotheca_peruana,,,,,,,,,,,
Anura,Hemiphractidae,Gastrotheca,Gastrotheca_phalarosa,,,,,,,,,,,
Anura,Hemiphractidae,Gastrotheca,Gastrotheca_phelloderma,,,,,,,,,,,
Anura,Hemiphractidae,Gastrotheca,Gastrotheca_plumbea,,,,,,,,,,,
Anura,Hemiphractidae,Gastrotheca,Gastrotheca_prasina,,,,,,,,,,,
Anura,Hemiphractidae,Gastrotheca,Gastrotheca_pseustes,,,,,,,,,,,
Anura,Hemiphractidae,Gastrotheca,Gastrotheca_psychrophila,,,,,,,,,,,
Anura,Hemiphractidae,Gastrotheca,Gastrotheca_pulchra,,,,,,,,,,,
Anura,Hemiphractidae,Gastrotheca,Gastrotheca_rebeccae,,,,,,,,,,,
Anura,Hemiphractidae,Gastrotheca,Gastrotheca_recava,,,,,,,,,,,
Anura,Hemiphractidae,Gastrotheca,Gastrotheca_riobambae,,,,,,,,,,,
Anura,Hemiphractidae,Gastrotheca,Gastrotheca_ruizi,,,,,,,,,,,
Anura,Hemiphractidae,Gastrotheca,Gastrotheca_stictopleura,,,,,,,,,,,
Anura,Hemiphractidae,Gastrotheca,Gastrotheca_testudinea,,,,,,,,,,,
Anura,Hemiphractidae,Gastrotheca,Gastrotheca_trachyceps,,,,,,,,,,,
Anura,Hemiphractidae,Gastrotheca,Gastrotheca_turnerorum,,,,,,,,,,,
Anura,Hemiphractidae,Gastrotheca,Gastrotheca_walkeri,,,,,,,,,,,
Anura,Hemiphractidae,Gastrotheca,Gastrotheca_weinlandii,,,,,,,,,,,
Anura,Hemiphractidae,Gastrotheca,Gastrotheca_zeugocystis,,,,,,,,,,,
Anura,Hemiphractidae,Hemiphractus,Hemiphractus_bubalus,,,,,,,,,,,
Anura,Hemiphractidae,Hemiphractus,Hemiphractus_fasciatus,,,,,,,,,,,
Anura,Hemiphractidae,Hemiphractus,Hemiphractus_helioi,,,,,,,,,,,
Anura,Hemiphractidae,Hemiphractus,Hemiphractus_proboscideus,,,,,,,,,,,
Anura,Hemiphractidae,Hemiphractus,Hemiphractus_scutatus,,,,,,,,,,,
Anura,Hemiphractidae,Stefania,Stefania_ackawaio,,,,,,,,,,,
Anura,Hemiphractus,Stefania,Stefania_ayangannae,,,,,,,,,,,
Anura,Hemiphractus,Stefania,Stefania_coxi,,,,,,,,,,,
Anura,Hemiphractus,Stefania,Stefania_evansi,,,,,,,,,,,
Anura,Hemiphractus,Stefania,Stefania_ginesi,,,,,,,,,,,
Anura,Hemiphractus,Stefania,Stefania_riae,,,,,,,,,,,
Anura,Hemiphractus,Stefania,Stefania_riveroi,,,,,,,,,,,
Anura,Hemiphractus,Stefania,Stefania_roraimae,,,,,,,,,,,
Anura,Hemiphractus,Stefania,Stefania_satelles,,,,,,,,,,,
Anura,Hemiphractus,Stefania,Stefania_scalae,,,,,,,,,,,
Anura,Hemiphractus,Stefania,Stefania_schuberti,,,,,,,,,,,
Anura,Hemiphractus,Stefania,Stefania_woodleyi,,,,,,,,,,,
Anura,Hylidae,Acris,Acris_crepitans,,,,,,,,,,,
Anura,Hylidae,Acris,Acris_gryllus,,,,,,,,,,,
Anura,Hylidae,Aparasphenodon,Aparasphenodon_arapapa,,,,,,,,,,,
Anura,Hylidae,Aparasphenodon,Aparasphenodon_bokermanni,,,,,,,,,,,
Anura,Hylidae,Aparasphenodon,Aparasphenodon_brunoi,,,,,,,,,,,
Anura,Hylidae,Aparasphenodon,Aparasphenodon_pomba,,,,,,,,,,,
Anura,Hylidae,Aparasphenodon,Aparasphenodon_venezolanus,,,,,,,,,,,
Anura,Hylidae,Aplastodiscus,Aplastodiscus_albofrenatus,,,,,,,,,,,
Anura,Hylidae,Aplastodiscus,Aplastodiscus_albosignatus,,,,,,,,,,,
Anura,Hylidae,Aplastodiscus,Aplastodiscus_arildae,,,,,,,,,,,
Anura,Hylidae,Aplastodiscus,Aplastodiscus_cavicola,,,,,,,,,,,
Anura,Hylidae,Aplastodiscus,Aplastodiscus_cochranae,,,,,,,,,,,
Anura,Hylidae,Aplastodiscus,Aplastodiscus_ehrhardti,,,,,,,,,,,
Anura,Hylidae,Aplastodiscus,Aplastodiscus_eugenioi,,,,,,,,,,,
Anura,Hylidae,Aplastodiscus,Aplastodiscus_flumineus,,,,,,,,,,,
Anura,Hylidae,Aplastodiscus,Aplastodiscus_heterophonicus,,,,,,,,,,,
Anura,Hylidae,Aplastodiscus,Aplastodiscus_ibirapitanga,,,,,,,,,,,
Anura,Hylidae,Aplastodiscus,Aplastodiscus_leucopygius,,,,,,,,,,,
Anura,Hylidae,Aplastodiscus,Aplastodiscus_lutzorum,,,,,,,,,,,
Anura,Hylidae,Aplastodiscus,Aplastodiscus_musicus,,,,,,,,,,,
Anura,Hylidae,Aplastodiscus,Aplastodiscus_perviridis,,,,,,,,,,,
Anura,Hylidae,Aplastodiscus,Aplastodiscus_sibilatus,,,,,,,,,,,
Anura,Hylidae,Aplastodiscus,Aplastodiscus_weygoldti,,,,,,,,,,,
Anura,Hylidae,Argenteohyla,Argenteohyla_siemersi,,,,,,,,,,,
Anura,Hylidae,Atlantihyla,Atlantihyla_panchoi,,,,,,,,,,,
Anura,Hylidae,Atlantihyla,Atlantihyla_spinipollex,,,,,,,,,,,
Anura,Hylidae,Boana,Boana_aguilari,,,,,,,,,,,
Anura,Hylidae,Boana,Boana_albomarginata,,,,,,,,,,,
Anura,Hylidae,Boana,Boana_albopunctata,,,,,,,,,,,
Anura,Hylidae,Boana,Boana_alemani,,,,,,,,,,,
Anura,Hylidae,Boana,Boana_alfaroi,,,,,,,,,,,
Anura,Hylidae,Boana,Boana_almendarizae,,,,,,,,,,,
Anura,Hylidae,Boana,Boana_appendiculata,,,,,,,,,,,
Anura,Hylidae,Boana,Boana_atlantica,,,,,,,,,,,
Anura,Hylidae,Boana,Boana_balzani,,,,,,,,,,,
Anura,Hylidae,Boana,Boana_bandeirantes,,,,,,,,,,,
Anura,Hylidae,Boana,Boana_beckeri,,,,,,,,,,,
Anura,Hylidae,Boana,Boana_benitezi,,,,,,,,,,,
Anura,Hylidae,Boana,Boana_bischoffi,,,,,,,,,,,
Anura,Hylidae,Boana,Boana_boans,,,,,,,,,,,
Anura,Hylidae,Boana,Boana_botumirim,,,,,,,,,,,
Anura,Hylidae,Boana,Boana_buriti,,,,,,,,,,,
Anura,Hylidae,Boana,Boana_caiapo,,,,,,,,,,,
Anura,Hylidae,Boana,Boana_caingua,,,,,,,,,,,
Anura,Hylidae,Boana,Boana_caipora,,,,,,,,,,,
Anura,Hylidae,Boana,Boana_calcarata,,,,,,,,,,,
Anura,Hylidae,Boana,Boana_callipleura,,,,,,,,,,,
Anura,Hylidae,Boana,Boana_cambui,,,,,,,,,,,
Anura,Hylidae,Boana,Boana_cinerascens,,,,,,,,,,,
Anura,Hylidae,Boana,Boana_cipoensis,,,,,,,,,,,
Anura,Hylidae,Boana,Boana_cordobae,,,,,,,,,,,
Anura,Hylidae,Boana,Boana_crepitans,,,,,,,,,,,
Anura,Hylidae,Boana,Boana_curupi,,,,,,,,,,,
Anura,Hylidae,Boana,Boana_dentei,,,,,,,,,,,
Anura,Hylidae,Boana,Boana_diabolica,,,,,,,,,,,
Anura,Hylidae,Boana,Boana_ericae,,,,,,,,,,,
Anura,Hylidae,Boana,Boana_exastis,,,,,,,,,,,
Anura,Hylidae,Boana,Boana_faber,,,,,,,,,,,
Anura,Hylidae,Boana,Boana_fasciata,,,,,,,,,,,
Anura,Hylidae,Boana,Boana_freicanecae,,,,,,,,,,,
Anura,Hylidae,Boana,Boana_geographica,,,,,,,,,,,
Anura,Hylidae,Boana,Boana_gladiator,,,,,,,,,,,
Anura,Hylidae,Boana,Boana_goiana,,,,,,,,,,,
Anura,Hylidae,Boana,Boana_gracilis,,,,,,,,,,,
Anura,Hylidae,Boana,Boana_guentheri,,,,,,,,,,,
Anura,Hylidae,Boana,Boana_heilprini,,,,,,,,,,,
Anura,Hylidae,Boana,Boana_hobbsi,,,,,,,,,,,
Anura,Hylidae,Boana,Boana_icamiaba,,,,,,,,,,,
Anura,Hylidae,Boana,Boana_jaguariaivensis,,,,,,,,,,,
Anura,Hylidae,Boana,Boana_jimenezi,,,,,,,,,,,
Anura,Hylidae,Boana,Boana_joaquini,,,,,,,,,,,
Anura,Hylidae,Boana,Boana_lanciformis,,,,,,,,,,,
Anura,Hylidae,Boana,Boana_latistriata,,,,,,,,,,,
Anura,Hylidae,Boana,Boana_lemai,,,,,,,,,,,
Anura,Hylidae,Boana,Boana_leptolineata,,,,,,,,,,,
Anura,Hylidae,Boana,Boana_leucocheila,,,,,,,,,,,
Anura,Hylidae,Boana,Boana_lundii,,,,,,,,,,,
Anura,Hylidae,Boana,Boana_maculateralis,,,,,,,,,,,
Anura,Hylidae,Boana,Boana_marginata,,,,,,,,,,,
Anura,Hylidae,Boana,Boana_marianitae,,,,,,,,,,,
Anura,Hylidae,Boana,Boana_melanopleura,,,,,,,,,,,
Anura,Hylidae,Boana,Boana_microderma,,,,,,,,,,,
Anura,Hylidae,Boana,Boana_multifasciata,,,,,,,,,,,
Anura,Hylidae,Boana,Boana_nigra,,,,,,,,,,,
Anura,Hylidae,Boana,Boana_nympha,,,,,,,,,,,
Anura,Hylidae,Boana,Boana_ornatissima,,,,,,,,,,,
Anura,Hylidae,Boana,Boana_palaestes,,,,,,,,,,,
Anura,Hylidae,Boana,Boana_pardalis,,,,,,,,,,,
Anura,Hylidae,Boana,Boana_pellucens,,,,,,,,,,,
Anura,Hylidae,Boana,Boana_phaeopleura,,,,,,,,,,,
Anura,Hylidae,Boana,Boana_picturata,,,,,,,,,,,
Anura,Hylidae,Boana,Boana_poaju,,,,,,,,,,,
Anura,Hylidae,Boana,Boana_polytaenia,,,,,,,,,,,
Anura,Hylidae,Boana,Boana_pombali,,,,,,,,,,,
Anura,Hylidae,Boana,Boana_prasina,,,,,,,,,,,
Anura,Hylidae,Boana,Boana_pugnax,,,,,,,,,,,
Anura,Hylidae,Boana,Boana_pulchella,,,,,,,,,,,
Anura,Hylidae,Boana,Boana_punctata,,,,,,,,,,,
Anura,Hylidae,Boana,Boana_raniceps,,,,,,,,,,,
Anura,Hylidae,Boana,Boana_riojana,,,,,,,,,,,
Anura,Hylidae,Boana,Boana_roraima,,,,,,,,,,,
Anura,Hylidae,Boana,Boana_rosenbergi,,,,,,,,,,,
Anura,Hylidae,Boana,Boana_rubracyla,,,,,,,,,,,
Anura,Hylidae,Boana,Boana_rufitela,,,,,,,,,,,
Anura,Hylidae,Boana,Boana_secedens,,,,,,,,,,,
Anura,Hylidae,Boana,Boana_semiguttata,,,,,,,,,,,
Anura,Hylidae,Boana,Boana_semilineata,,,,,,,,,,,
Anura,Hylidae,Boana,Boana_sibleszi,,,,,,,,,,,
Anura,Hylidae,Boana,Boana_steinbachi,,,,,,,,,,,
Anura,Hylidae,Boana,Boana_stellae,,,,,,,,,,,
Anura,Hylidae,Boana,Boana_stenocephala,,,,,,,,,,,
Anura,Hylidae,Boana,Boana_tepuiana,,,,,,,,,,,
Anura,Hylidae,Boana,Boana_tetete,,,,,,,,,,,
Anura,Hylidae,Boana,Boana_ventrimaculata,,,,,,,,,,,
Anura,Hylidae,Boana,Boana_wavrini,,,,,,,,,,,
Anura,Hylidae,Boana,Boana_xerophylla,,,,,,,,,,,
Anura,Hylidae,Bokermannohyla,Bokermannohyla_ahenea,,,,,,,,,,,
Anura,Hylidae,Bokermannohyla,Bokermannohyla_alvarengai,,,,,,,,,,,
Anura,Hylidae,Bokermannohyla,Bokermannohyla_astartea,,,,,,,,,,,
Anura,Hylidae,Bokermannohyla,Bokermannohyla_caramaschii,,,,,,,,,,,
Anura,Hylidae,Bokermannohyla,Bokermannohyla_carvalhoi,,,,,,,,,,,
Anura,Hylidae,Bokermannohyla,Bokermannohyla_circumdata,,,,,,,,,,,
Anura,Hylidae,Bokermannohyla,Bokermannohyla_claresignata,,,,,,,,,,,
Anura,Hylidae,Bokermannohyla,Bokermannohyla_gouveai,,,,,,,,,,,
Anura,Hylidae,Bokermannohyla,Bokermannohyla_hylax,,,,,,,,,,,
Anura,Hylidae,Bokermannohyla,Bokermannohyla_itapoty,,,,,,,,,,,
Anura,Hylidae,Bokermannohyla,Bokermannohyla_luctuosa,,,,,,,,,,,
Anura,Hylidae,Bokermannohyla,Bokermannohyla_martinsi,,,,,,,,,,,
Anura,Hylidae,Bokermannohyla,Bokermannohyla_nanuzae,,,,,,,,,,,
Anura,Hylidae,Bokermannohyla,Bokermannohyla_oxente,,,,,,,,,,,
Anura,Hylidae,Bokermannohyla,Bokermannohyla_saxicola,,,,,,,,,,,
Anura,Hylidae,Bromeliohyla,Bromeliohyla_bromeliacia,,,,,,,,,,,
Anura,Hylidae,Bromeliohyla,Bromeliohyla_melacaena,,,,,,,,,,,
Anura,Hylidae,Charadrahyla,Charadrahyla_juanitae,,,,,,,,,,,
Anura,Hylidae,Charadrahyla,Charadrahyla_nephila,,,,,,,,,,,
Anura,Hylidae,Charadrahyla,Charadrahyla_taeniopus,,,,,,,,,,,
Anura,Hylidae,Corythomantis,Corythomantis_greeningi,,,,,,,,,,,
Anura,Hylidae,Dendropsophus,Dendropsophus_acreanus,,,,,,,,,,,
Anura,Hylidae,Dendropsophus,Dendropsophus_anataliasiasi,,,,,,,,,,,
Anura,Hylidae,Dendropsophus,Dendropsophus_anceps,,,,,,,,,,,
Anura,Hylidae,Dendropsophus,Dendropsophus_aperomeus,,,,,,,,,,,
Anura,Hylidae,Dendropsophus,Dendropsophus_araguaya,,,,,,,,,,,
Anura,Hylidae,Dendropsophus,Dendropsophus_arndti,,,,,,,,,,,
Anura,Hylidae,Dendropsophus,Dendropsophus_berthalutzae,,,,,,,,,,,
Anura,Hylidae,Dendropsophus,Dendropsophus_bifurcus,,,,,,,,,,,
Anura,Hylidae,Dendropsophus,Dendropsophus_bipunctatus,,,,,,,,,,,
Anura,Hylidae,Dendropsophus,Dendropsophus_bogerti,,,,,,,,,,,
Anura,Hylidae,Dendropsophus,Dendropsophus_bokermanni,,,,,,,,,,,
Anura,Hylidae,Dendropsophus,Dendropsophus_branneri,,,,,,,,,,,
Anura,Hylidae,Dendropsophus,Dendropsophus_brevifrons,,,,,,,,,,,
Anura,Hylidae,Dendropsophus,Dendropsophus_bromeliaceus,,,,,,,,,,,
Anura,Hylidae,Dendropsophus,Dendropsophus_cachimbo,,,,,,,,,,,
Anura,Hylidae,Dendropsophus,Dendropsophus_carnifex,,,,,,,,,,,
Anura,Hylidae,Dendropsophus,Dendropsophus_cerradensis,,,,,,,,,,,
Anura,Hylidae,Dendropsophus,Dendropsophus_columbianus,,,,,,,,,,,
Anura,Hylidae,Dendropsophus,Dendropsophus_counani,,,,,,,,,,,
Anura,Hylidae,Dendropsophus,Dendropsophus_cruzi,,,,,,,,,,,
Anura,Hylidae,Dendropsophus,Dendropsophus_decipiens,,,,,,,,,,,
Anura,Hylidae,Dendropsophus,Dendropsophus_delarivai,,,,,,,,,,,
Anura,Hylidae,Dendropsophus,Dendropsophus_dutrai,,,,,,,,,,,
Anura,Hylidae,Dendropsophus,Dendropsophus_ebraccatus,,,,,,,,,,,
Anura,Hylidae,Dendropsophus,Dendropsophus_elegans,,,,,,,,,,,
Anura,Hylidae,Dendropsophus,Dendropsophus_elianeae,,,,,,,,,,,
Anura,Hylidae,Dendropsophus,Dendropsophus_frosti,,,,,,,,,,,
Anura,Hylidae,Dendropsophus,Dendropsophus_garagoensis,,,,,,,,,,,
Anura,Hylidae,Dendropsophus,Dendropsophus_gaucheri,,,,,,,,,,,
Anura,Hylidae,Dendropsophus,Dendropsophus_giesleri,,,,,,,,,,,
Anura,Hylidae,Dendropsophus,Dendropsophus_goughi,,,,,,,,,,,
Anura,Hylidae,Dendropsophus,Dendropsophus_haddadi,,,,,,,,,,,
Anura,Hylidae,Dendropsophus,Dendropsophus_haraldschultzi,,,,,,,,,,,
Anura,Hylidae,Dendropsophus,Dendropsophus_jimi,,,,,,,,,,,
Anura,Hylidae,Dendropsophus,Dendropsophus_joannae,,,,,,,,,,,
Anura,Hylidae,Dendropsophus,Dendropsophus_juliani,,,,,,,,,,,
Anura,Hylidae,Dendropsophus,Dendropsophus_kamagarini,,,,,,,,,,,
Anura,Hylidae,Dendropsophus,Dendropsophus_koechlini,,,,,,,,,,,
Anura,Hylidae,Dendropsophus,Dendropsophus_kubricki,,,,,,,,,,,
Anura,Hylidae,Dendropsophus,Dendropsophus_labialis,,,,,,,,,,,
Anura,Hylidae,Dendropsophus,Dendropsophus_leali,,,,,,,,,,,
Anura,Hylidae,Dendropsophus,Dendropsophus_leucophyllatus,,,,,,,,,,,
Anura,Hylidae,Dendropsophus,Dendropsophus_luddeckei,,,,,,,,,,,
Anura,Hylidae,Dendropsophus,Dendropsophus_luteoocellatus,,,,,,,,,,,
Anura,Hylidae,Dendropsophus,Dendropsophus_manonegra,,,,,,,,,,,
Anura,Hylidae,Dendropsophus,Dendropsophus_mapinguari,,,,,,,,,,,
Anura,Hylidae,Dendropsophus,Dendropsophus_marmoratus,,,,,,,,,,,
Anura,Hylidae,Dendropsophus,Dendropsophus_mathiassoni,,,,,,,,,,,
Anura,Hylidae,Dendropsophus,Dendropsophus_melanargyreus,,,,,,,,,,,
Anura,Hylidae,Dendropsophus,Dendropsophus_meridensis,,,,,,,,,,,
Anura,Hylidae,Dendropsophus,Dendropsophus_meridianus,,,,,,,,,,,
Anura,Hylidae,Dendropsophus,Dendropsophus_microcephalus,,,,,,,,,,,
Anura,Hylidae,Dendropsophus,Dendropsophus_microps,,,,,,,,,,,
Anura,Hylidae,Dendropsophus,Dendropsophus_minusculus,,,,,,,,,,,
Anura,Hylidae,Dendropsophus,Dendropsophus_minutus,,,,,,,,,,,
Anura,Hylidae,Dendropsophus,Dendropsophus_miyatai,,,,,,,,,,,
Anura,Hylidae,Dendropsophus,Dendropsophus_nahdereri,,,,,,,,,,,
Anura,Hylidae,Dendropsophus,Dendropsophus_nanus,,,,,,,,,,,
Anura,Hylidae,Dendropsophus,Dendropsophus_nekronastes,,,,,,,,,,,
Anura,Hylidae,Dendropsophus,Dendropsophus_norandinus,,,,,,,,,,,
Anura,Hylidae,Dendropsophus,Dendropsophus_novaisi,,,,,,,,,,,
Anura,Hylidae,Dendropsophus,Dendropsophus_oliveirai,,,,,,,,,,,
Anura,Hylidae,Dendropsophus,Dendropsophus_ozzyi,,,,,,,,,,,
Anura,Hylidae,Dendropsophus,Dendropsophus_padreluna,,,,,,,,,,,
Anura,Hylidae,Dendropsophus,Dendropsophus_parviceps,,,,,,,,,,,
Anura,Hylidae,Dendropsophus,Dendropsophus_pauiniensis,,,,,,,,,,,
Anura,Hylidae,Dendropsophus,Dendropsophus_pelidna,,,,,,,,,,,
Anura,Hylidae,Dendropsophus,Dendropsophus_phlebodes,,,,,,,,,,,
Anura,Hylidae,Dendropsophus,Dendropsophus_praestans,,,,,,,,,,,
Anura,Hylidae,Dendropsophus,Dendropsophus_pseudomeridianus,,,,,,,,,,,
Anura,Hylidae,Dendropsophus,Dendropsophus_reichlei,,,,,,,,,,,
Anura,Hylidae,Dendropsophus,Dendropsophus_reticulatus,,,,,,,,,,,
Anura,Hylidae,Dendropsophus,Dendropsophus_rhodopeplus,,,,,,,,,,,
Anura,Hylidae,Dendropsophus,Dendropsophus_riveroi,,,,,,,,,,,
Anura,Hylidae,Dendropsophus,Dendropsophus_robertmertensi,,,,,,,,,,,
Anura,Hylidae,Dendropsophus,Dendropsophus_rossalleni,,,,,,,,,,,
Anura,Hylidae,Dendropsophus,Dendropsophus_rozenmani,,,,,,,,,,,
Anura,Hylidae,Dendropsophus,Dendropsophus_rubicundulus,,,,,,,,,,,
Anura,Hylidae,Dendropsophus,Dendropsophus_ruschii,,,,,,,,,,,
Anura,Hylidae,Dendropsophus,Dendropsophus_salli,,,,,,,,,,,
Anura,Hylidae,Dendropsophus,Dendropsophus_sanborni,,,,,,,,,,,
Anura,Hylidae,Dendropsophus,Dendropsophus_sarayacuensis,,,,,,,,,,,
Anura,Hylidae,Dendropsophus,Dendropsophus_sartori,,,,,,,,,,,
Anura,Hylidae,Dendropsophus,Dendropsophus_schubarti,,,,,,,,,,,
Anura,Hylidae,Dendropsophus,Dendropsophus_seniculus,,,,,,,,,,,
Anura,Hylidae,Dendropsophus,Dendropsophus_shiwiarum,,,,,,,,,,,
Anura,Hylidae,Dendropsophus,Dendropsophus_soaresi,,,,,,,,,,,
Anura,Hylidae,Dendropsophus,Dendropsophus_stingi,,,,,,,,,,,
Anura,Hylidae,Dendropsophus,Dendropsophus_studerae,,,,,,,,,,,
Anura,Hylidae,Dendropsophus,Dendropsophus_subocularis,,,,,,,,,,,
Anura,Hylidae,Dendropsophus,Dendropsophus_timbeba,,,,,,,,,,,
Anura,Hylidae,Dendropsophus,Dendropsophus_triangulum,,,,,,,,,,,
Anura,Hylidae,Dendropsophus,Dendropsophus_tritaeniatus,,,,,,,,,,,
Anura,Hylidae,Dendropsophus,Dendropsophus_virolinensis,,,,,,,,,,,
Anura,Hylidae,Dendropsophus,Dendropsophus_vraemi,,,,,,,,,,,
Anura,Hylidae,Dendropsophus,Dendropsophus_walfordi,,,,,,,,,,,
Anura,Hylidae,Dendropsophus,Dendropsophus_werneri,,,,,,,,,,,
Anura,Hylidae,Dendropsophus,Dendropsophus_xapuriensis,,,,,,,,,,,
Anura,Hylidae,Dendropsophus,Dendropsophus_yaracuyanus,,,,,,,,,,,
Anura,Hylidae,Duellmanohyla,Duellmanohyla_rufioculis,,,,,,,,,,,
Anura,Hylidae,Duellmanohyla,Duellmanohyla_salvavida,,,,,,,,,,,
Anura,Hylidae,Duellmanohyla,Duellmanohyla_soralia,,,,,,,,,,,
Anura,Hylidae,Duellmanohyla,Duellmanohyla_uranochroa,,,,,,,,,,,
Anura,Hylidae,Ecnomiohyla,Ecnomiohyla_fimbrimembra,,,,,,,,,,,
Anura,Hylidae,Ecnomiohyla,Ecnomiohyla_miliaria,,,,,,,,,,,
Anura,Hylidae,Ecnomiohyla,Ecnomiohyla_minera,,,,,,,,,,,
Anura,Hylidae,Ecnomiohyla,Ecnomiohyla_miotympanum,,,,,,,,,,,
Anura,Hylidae,Ecnomiohyla,Ecnomiohyla_rabborum,,,,,,,,,,,
Anura,Hylidae,Ecnomiohyla,Ecnomiohyla_sukia,,,,,,,,,,,
Anura,Hylidae,Ecnomiohyla,Ecnomiohyla_veraguensis,,,,,,,,,,,
Anura,Hylidae,Exerodonta,Exerodonta_abdivita,,,,,,,,,,,
Anura,Hylidae,Exerodonta,Exerodonta_chimalapa,,,,,,,,,,,
Anura,Hylidae,Exerodonta,Exerodonta_melanomma,,,,,,,,,,,
Anura,Hylidae,Exerodonta,Exerodonta_perkinsi,,,,,,,,,,,
Anura,Hylidae,Exerodonta,Exerodonta_smaragdina,,,,,,,,,,,
Anura,Hylidae,Exerodonta,Exerodonta_sumichrasti,,,,,,,,,,,
Anura,Hylidae,Exerodonta,Exerodonta_xera,,,,,,,,,,,
Anura,Hylidae,Hyla,Hyla_andersonii,,,,,,,,,,,
Anura,Hylidae,Hyla,Hyla_annectans,,,,,,,,,,,
Anura,Hylidae,Hyla,Hyla_arborea,,,,,,,,,,,
Anura,Hylidae,Hyla,Hyla_arenicolor,,,,,,,,,,,
Anura,Hylidae,Hyla,Hyla_avivoca,,,,,,,,,,,
Anura,Hylidae,Hyla,Hyla_carthaginiensis,,,,,,,,,,,
Anura,Hylidae,Hyla,Hyla_chinensis,,,,,,,,,,,
Anura,Hylidae,Hyla,Hyla_chrysoscelis,,,,,,,,,,,
Anura,Hylidae,Hyla,Hyla_cinerea,,,,,,,,,,,
Anura,Hylidae,Hyla,Hyla_euphorbiacea,,,,,,,,,,,
Anura,Hylidae,Hyla,Hyla_eximia,,,,,,,,,,,
Anura,Hylidae,Hyla,Hyla_felixarabica,,,,,,,,,,,
Anura,Hylidae,Hyla,Hyla_femoralis,,,,,,,,,,,
Anura,Hylidae,Hyla,Hyla_gratiosa,,,,,,,,,,,
Anura,Hylidae,Hyla,Hyla_hallowellii,,,,,,,,,,,
Anura,Hylidae,Hyla,Hyla_heinzsteinitzi,,,,,,,,,,,
Anura,Hylidae,Hyla,Hyla_immaculata,,,,,,,,,,,
Anura,Hylidae,Hyla,Hyla_intermedia,,,,,,,,,,,
Anura,Hylidae,Hyla,Hyla_japonica,,,,,,,,,,,
Anura,Hylidae,Hyla,Hyla_meridionalis,,,,,,,,,,,
Anura,Hylidae,Hyla,Hyla_molleri,,,,,,,,,,,
Anura,Hylidae,Hyla,Hyla_orientalis,,,,,,,,,,,
Anura,Hylidae,Hyla,Hyla_plicata,,,,,,,,,,,
Anura,Hylidae,Hyla,Hyla_sanchiangensis,,,,,,,,,,,
Anura,Hylidae,Hyla,Hyla_sarda,,,,,,,,,,,
Anura,Hylidae,Hyla,Hyla_savignyi,,,,,,,,,,,
Anura,Hylidae,Hyla,Hyla_simplex,,,,,,,,,,,
Anura,Hylidae,Hyla,Hyla_squirella,,,,,,,,,,,
Anura,Hylidae,Hyla,Hyla_suweonensis,,,,,,,,,,,
Anura,Hylidae,Hyla,Hyla_tsinlingensis,,,,,,,,,,,
Anura,Hylidae,Hyla,Hyla_versicolor,,,,,,,,,,,
Anura,Hylidae,Hyla,Hyla_walkeri,,,,,,,,,,,
Anura,Hylidae,Hyla,Hyla_wrightorum,,,,,,,,,,,
Anura,Hylidae,Hyla,Hyla_zhaopingensis,,,,,,,,,,,
Anura,Hylidae,Hylomantis,Hylomantis_aspera,,,,,,,,,,,
Anura,Hylidae,Hylomantis,Hylomantis_granulosa,,,,,,,,,,,
Anura,Hylidae,Hyloscirtus,Hyloscirtus_alytolylax,,,,,,,,,,,
Anura,Hylidae,Hyloscirtus,Hyloscirtus_armatus,,,,,,,,,,,
Anura,Hylidae,Hyloscirtus,Hyloscirtus_callipeza,,,,,,,,,,,
Anura,Hylidae,Hyloscirtus,Hyloscirtus_charazani,,,,,,,,,,,
Anura,Hylidae,Hyloscirtus,Hyloscirtus_colymba,,,,,,,,,,,
Anura,Hylidae,Hyloscirtus,Hyloscirtus_criptico,,,,,,,,,,,
Anura,Hylidae,Hyloscirtus,Hyloscirtus_jahni,,,,,,,,,,,
Anura,Hylidae,Hyloscirtus,Hyloscirtus_larinopygion,,,,,,,,,,,
Anura,Hylidae,Hyloscirtus,Hyloscirtus_lascinius,,,,,,,,,,,
Anura,Hylidae,Hyloscirtus,Hyloscirtus_lindae,,,,,,,,,,,
Anura,Hylidae,Hyloscirtus,Hyloscirtus_pacha,,,,,,,,,,,
Anura,Hylidae,Hyloscirtus,Hyloscirtus_palmeri,,,,,,,,,,,
Anura,Hylidae,Hyloscirtus,Hyloscirtus_pantostictus,,,,,,,,,,,
Anura,Hylidae,Hyloscirtus,Hyloscirtus_phyllognathus,,,,,,,,,,,
Anura,Hylidae,Hyloscirtus,Hyloscirtus_platydactylus,,,,,,,,,,,
Anura,Hylidae,Hyloscirtus,Hyloscirtus_princecharlesi,,,,,,,,,,,
Anura,Hylidae,Hyloscirtus,Hyloscirtus_psarolaimus,,,,,,,,,,,
Anura,Hylidae,Hyloscirtus,Hyloscirtus_ptychodactylus,,,,,,,,,,,
Anura,Hylidae,Hyloscirtus,Hyloscirtus_simmonsi,,,,,,,,,,,
Anura,Hylidae,Hyloscirtus,Hyloscirtus_staufferorum,,,,,,,,,,,
Anura,Hylidae,Hyloscirtus,Hyloscirtus_tapichalaca,,,,,,,,,,,
Anura,Hylidae,Hyloscirtus,Hyloscirtus_tigrinus,,,,,,,,,,,
Anura,Hylidae,Isthmohyla,Isthmohyla_debilis,,,,,,,,,,,
Anura,Hylidae,Isthmohyla,Isthmohyla_graceae,,,,,,,,,,,
Anura,Hylidae,Isthmohyla,Isthmohyla_infucata,,,,,,,,,,,
Anura,Hylidae,Isthmohyla,Isthmohyla_lancasteri,,,,,,,,,,,
Anura,Hylidae,Isthmohyla,Isthmohyla_picadoi,,,,,,,,,,,
Anura,Hylidae,Isthmohyla,Isthmohyla_pseudopuma,,,,,,,,,,,
Anura,Hylidae,Isthmohyla,Isthmohyla_rivularis,,,,,,,,,,,
Anura,Hylidae,Isthmohyla,Isthmohyla_tica,,,,,,,,,,,
Anura,Hylidae,Isthmohyla,Isthmohyla_zeteki,,,,,,,,,,,
Anura,Hylidae,Itapotihyla,Itapotihyla_langsdorffii,,,,,,,,,,,
Anura,Hylidae,Lysapsus,Lysapsus_caraya,,,,,,,,,,,
Anura,Hylidae,Lysapsus,Lysapsus_laevis,,,,,,,,,,,
Anura,Hylidae,Lysapsus,Lysapsus_limellum,,,,,,,,,,,
Anura,Hylidae,Megastomatohyla,Megastomatohyla_mixe,,,,,,,,,,,
Anura,Hylidae,Megastomatohyla,Megastomatohyla_pellita,,,,,,,,,,,
Anura,Hylidae,Myersiohyla,Myersiohyla_inparquesi,,,,,,,,,,,
Anura,Hylidae,Myersiohyla,Myersiohyla_liliae,,,,,,,,,,,
Anura,Hylidae,Nesorohyla,Nesorohyla_kanaima,,,,,,,,,,,
Anura,Hylidae,Nyctimantis,Nyctimantis_galeata,,,,,,,,,,,
Anura,Hylidae,Nyctimantis,Nyctimantis_rugiceps,,,,,,,,,,,
Anura,Hylidae,Nyctimystes,Nyctimystes_cheesmani,,,,,,,,,,,
Anura,Hylidae,Nyctimystes,Nyctimystes_foricula,,,,,,,,,,,
Anura,Hylidae,Nyctimystes,Nyctimystes_humeralis,,,,,,,,,,,
Anura,Hylidae,Nyctimystes,Nyctimystes_kubori,,,,,,,,,,,
Anura,Hylidae,Nyctimystes,Nyctimystes_narinosus,,,,,,,,,,,
Anura,Hylidae,Nyctimystes,Nyctimystes_papua,,,,,,,,,,,
Anura,Hylidae,Nyctimystes,Nyctimystes_pulcher,,,,,,,,,,,
Anura,Hylidae,Nyctimystes,Nyctimystes_semipalmatus,,,,,,,,,,,
Anura,Hylidae,Nyctimystes,Nyctimystes_zweifeli,,,,,,,,,,,
Anura,Hylidae,Osteocephalus,Osteocephalus_alboguttatus,,,,,,,,,,,
Anura,Hylidae,Osteocephalus,Osteocephalus_buckleyi,,,,,,,,,,,
Anura,Hylidae,Osteocephalus,Osteocephalus_cabrerai,,,,,,,,,,,
Anura,Hylidae,Osteocephalus,Osteocephalus_cannatellai,,,,,,,,,,,
Anura,Hylidae,Osteocephalus,Osteocephalus_carri,,,,,,,,,,,
Anura,Hylidae,Osteocephalus,Osteocephalus_castaneicola,,,,,,,,,,,
Anura,Hylidae,Osteocephalus,Osteocephalus_deridens,,,,,,,,,,,
Anura,Hylidae,Osteocephalus,Osteocephalus_festae,,,,,,,,,,,
Anura,Hylidae,Osteocephalus,Osteocephalus_fuscifacies,,,,,,,,,,,
Anura,Hylidae,Osteocephalus,Osteocephalus_germani,,,,,,,,,,,
Anura,Hylidae,Osteocephalus,Osteocephalus_helenae,,,,,,,,,,,
Anura,Hylidae,Osteocephalus,Osteocephalus_heyeri,,,,,,,,,,,
Anura,Hylidae,Osteocephalus,Osteocephalus_leoniae,,,,,,,,,,,
Anura,Hylidae,Osteocephalus,Osteocephalus_leprieurii,,,,,,,,,,,
Anura,Hylidae,Osteocephalus,Osteocephalus_melanops,,,,,,,,,,,
Anura,Hylidae,Osteocephalus,Osteocephalus_mimeticus,,,,,,,,,,,
Anura,Hylidae,Osteocephalus,Osteocephalus_mutabor,,,,,,,,,,,
Anura,Hylidae,Osteocephalus,Osteocephalus_oophagus,,,,,,,,,,,
Anura,Hylidae,Osteocephalus,Osteocephalus_planiceps,,,,,,,,,,,
Anura,Hylidae,Osteocephalus,Osteocephalus_sangay,,,,,,,,,,,
Anura,Hylidae,Osteocephalus,Osteocephalus_subtilis,,,,,,,,,,,
Anura,Hylidae,Osteocephalus,Osteocephalus_taurinus,,,,,,,,,,,
Anura,Hylidae,Osteocephalus,Osteocephalus_verruciger,,,,,,,,,,,
Anura,Hylidae,Osteocephalus,Osteocephalus_vilarsi,,,,,,,,,,,
Anura,Hylidae,Osteocephalus,Osteocephalus_vilmae,,,,,,,,,,,
Anura,Hylidae,Osteocephalus,Osteocephalus_yasuni,,,,,,,,,,,
Anura,Hylidae,Osteopilus,Osteopilus_crucialis,,,,,,,,,,,
Anura,Hylidae,Osteopilus,Osteopilus_dominicensis,,,,,,,,,,,
Anura,Hylidae,Osteopilus,Osteopilus_marianae,,,,,,,,,,,
Anura,Hylidae,Osteopilus,Osteopilus_ocellatus,,,,,,,,,,,
Anura,Hylidae,Osteopilus,Osteopilus_pulchrilineatus,,,,,,,,,,,
Anura,Hylidae,Osteopilus,Osteopilus_septentrionalis,,,,,,,,,,,
Anura,Hylidae,Osteopilus,Osteopilus_vastus,,,,,,,,,,,
Anura,Hylidae,Osteopilus,Osteopilus_wilderi,,,,,,,,,,,
Anura,Hylidae,Phyllomedusa,Phyllomedusa_araguari,,,,,,,,,,,
Anura,Hylidae,Phyllomedusa,Phyllomedusa_atelopoides,,,,,,,,,,,
Anura,Hylidae,Phyllomedusa,Phyllomedusa_ayeaye,,,,,,,,,,,
Anura,Hylidae,Phyllomedusa,Phyllomedusa_azurea,,,,,,,,,,,
Anura,Hylidae,Phyllomedusa,Phyllomedusa_bahiana,,,,,,,,,,,
Anura,Hylidae,Phyllomedusa,Phyllomedusa_baltea,,,,,,,,,,,
Anura,Hylidae,Phyllomedusa,Phyllomedusa_bicolor,,,,,,,,,,,
Anura,Hylidae,Phyllomedusa,Phyllomedusa_boliviana,,,,,,,,,,,
Anura,Hylidae,Phyllomedusa,Phyllomedusa_burmeisteri,,,,,,,,,,,
Anura,Hylidae,Phyllomedusa,Phyllomedusa_camba,,,,,,,,,,,
Anura,Hylidae,Phyllomedusa,Phyllomedusa_centralis,,,,,,,,,,,
Anura,Hylidae,Phyllomedusa,Phyllomedusa_chaparroi,,,,,,,,,,,
Anura,Hylidae,Phyllomedusa,Phyllomedusa_distincta,,,,,,,,,,,
Anura,Hylidae,Phyllomedusa,Phyllomedusa_duellmani,,,,,,,,,,,
Anura,Hylidae,Phyllomedusa,Phyllomedusa_ecuatoriana,,,,,,,,,,,
Anura,Hylidae,Phyllomedusa,Phyllomedusa_hypochondrialis,,,,,,,,,,,
Anura,Hylidae,Phyllomedusa,Phyllomedusa_iheringii,,,,,,,,,,,
Anura,Hylidae,Phyllomedusa,Phyllomedusa_megacephala,,,,,,,,,,,
Anura,Hylidae,Phyllomedusa,Phyllomedusa_neildi,,,,,,,,,,,
Anura,Hylidae,Phyllomedusa,Phyllomedusa_nordestina,,,,,,,,,,,
Anura,Hylidae,Phyllomedusa,Phyllomedusa_oreades,,,,,,,,,,,
Anura,Hylidae,Phyllomedusa,Phyllomedusa_palliata,,,,,,,,,,,
Anura,Hylidae,Phyllomedusa,Phyllomedusa_perinesos,,,,,,,,,,,
Anura,Hylidae,Phyllomedusa,Phyllomedusa_rohdei,,,,,,,,,,,
Anura,Hylidae,Phyllomedusa,Phyllomedusa_sauvagii,,,,,,,,,,,
Anura,Hylidae,Phyllomedusa,Phyllomedusa_tarsius,,,,,,,,,,,
Anura,Hylidae,Phyllomedusa,Phyllomedusa_tetraploidea,,,,,,,,,,,
Anura,Hylidae,Phyllomedusa,Phyllomedusa_tomopterna,,,,,,,,,,,
Anura,Hylidae,Phyllomedusa,Phyllomedusa_trinitatis,,,,,,,,,,,
Anura,Hylidae,Phyllomedusa,Phyllomedusa_vaillantii,,,,,,,,,,,
Anura,Hylidae,Phyllomedusa,Phyllomedusa_venusta,,,,,,,,,,,
Anura,Hylidae,Pithecopus,Pithecopus_araguaius,,,,,,,,,,,
Anura,Hylidae,Pithecopus,Pithecopus_gonzagai,,,,,,,,,,,
Anura,Hylidae,Plectrohyla,Plectrohyla_calthula,,,,,,,,,,,
Anura,Hylidae,Plectrohyla,Plectrohyla_chrysopleura,,,,,,,,,,,
Anura,Hylidae,Plectrohyla,Plectrohyla_glandulosa,,,,,,,,,,,
Anura,Hylidae,Plectrohyla,Plectrohyla_guatemalensis,,,,,,,,,,,
Anura,Hylidae,Plectrohyla,Plectrohyla_matudai,,,,,,,,,,,
Anura,Hylidae,Pseudacris,Pseudacris_brachyphona,,,,,,,,,,,
Anura,Hylidae,Pseudis,Pseudis_bolbodactyla,,,,,,,,,,,
Anura,Hylidae,Sarcohyla,Sarcohyla_ameibothalame,,,,,,,,,,,
Anura,Hylidae,Sarcohyla,Sarcohyla_arborescandens,,,,,,,,,,,
Anura,Hylidae,Sarcohyla,Sarcohyla_bistincta,,,,,,,,,,,
Anura,Hylidae,Sarcohyla,Sarcohyla_chryses,,,,,,,,,,,
Anura,Hylidae,Sarcohyla,Sarcohyla_cyclada,,,,,,,,,,,
Anura,Hylidae,Sarcohyla,Sarcohyla_hazelae,,,,,,,,,,,
Anura,Hylidae,Sarcohyla,Sarcohyla_mykter,,,,,,,,,,,
Anura,Hylidae,Sarcohyla,Sarcohyla_pentheter,,,,,,,,,,,
Anura,Hylidae,Scarthyla,Scarthyla_goinorum,,,,,,,,,,,
Anura,Hylidae,Scarthyla,Scarthyla_vigilans,,,,,,,,,,,
Anura,Hylidae,Scinax,Scinax_acuminatus,,,,,,,,,,,
Anura,Hylidae,Scinax,Scinax_agilis,,,,,,,,,,,
Anura,Hylidae,Scinax,Scinax_albicans,,,,,,,,,,,
Anura,Hylidae,Scinax,Scinax_alter,,,,,,,,,,,
Anura,Hylidae,Scinax,Scinax_angrensis,,,,,,,,,,,
Anura,Hylidae,Scinax,Scinax_argyreornatus,,,,,,,,,,,
Anura,Hylidae,Scinax,Scinax_auratus,,,,,,,,,,,
Anura,Hylidae,Scinax,Scinax_berthae,,,,,,,,,,,
Anura,Hylidae,Scinax,Scinax_boesemani,,,,,,,,,,,
Anura,Hylidae,Scinax,Scinax_boulengeri,,,,,,,,,,,
Anura,Hylidae,Scinax,Scinax_camposseabrai,,,,,,,,,,,
Anura,Hylidae,Scinax,Scinax_carnevallii,,,,,,,,,,,
Anura,Hylidae,Scinax,Scinax_catharinae,,,,,,,,,,,
Anura,Hylidae,Scinax,Scinax_chiquitanus,,,,,,,,,,,
Anura,Hylidae,Scinax,Scinax_constrictus,,,,,,,,,,,
Anura,Hylidae,Scinax,Scinax_crospedospilus,,,,,,,,,,,
Anura,Hylidae,Scinax,Scinax_cruentommus,,,,,,,,,,,
Anura,Hylidae,Scinax,Scinax_curicica,,,,,,,,,,,
Anura,Hylidae,Scinax,Scinax_duartei,,,,,,,,,,,
Anura,Hylidae,Scinax,Scinax_elaeochrous,,,,,,,,,,,
Anura,Hylidae,Scinax,Scinax_eurydice,,,,,,,,,,,
Anura,Hylidae,Scinax,Scinax_faivovichi,,,,,,,,,,,
Anura,Hylidae,Scinax,Scinax_flavoguttatus,,,,,,,,,,,
Anura,Hylidae,Scinax,Scinax_funereus,,,,,,,,,,,
Anura,Hylidae,Scinax,Scinax_fuscomarginatus,,,,,,,,,,,
Anura,Hylidae,Scinax,Scinax_fuscovarius,,,,,,,,,,,
Anura,Hylidae,Scinax,Scinax_garbei,,,,,,,,,,,
Anura,Hylidae,Scinax,Scinax_granulatus,,,,,,,,,,,
Anura,Hylidae,Scinax,Scinax_hayii,,,,,,,,,,,
Anura,Hylidae,Scinax,Scinax_humilis,,,,,,,,,,,
Anura,Hylidae,Scinax,Scinax_ictericus,,,,,,,,,,,
Anura,Hylidae,Scinax,Scinax_imbegue,,,,,,,,,,,
Anura,Hylidae,Scinax,Scinax_iquitorum,,,,,,,,,,,
Anura,Hylidae,Scinax,Scinax_jolyi,,,,,,,,,,,
Anura,Hylidae,Scinax,Scinax_juncae,,,,,,,,,,,
Anura,Hylidae,Scinax,Scinax_littoralis,,,,,,,,,,,
Anura,Hylidae,Scinax,Scinax_longilineus,,,,,,,,,,,
Anura,Hylidae,Scinax,Scinax_luizotavioi,,,,,,,,,,,
Anura,Hylidae,Scinax,Scinax_machadoi,,,,,,,,,,,
Anura,Hylidae,Scinax,Scinax_nasicus,,,,,,,,,,,
Anura,Hylidae,Scinax,Scinax_nebulosus,,,,,,,,,,,
Anura,Hylidae,Scinax,Scinax_obtriangulatus,,,,,,,,,,,
Anura,Hylidae,Scinax,Scinax_oreites,,,,,,,,,,,
Anura,Hylidae,Scinax,Scinax_pachycrus,,,,,,,,,,,
Anura,Hylidae,Scinax,Scinax_pedromedinae,,,,,,,,,,,
Anura,Hylidae,Scinax,Scinax_peixotoi,,,,,,,,,,,
Anura,Hylidae,Scinax,Scinax_perereca,,,,,,,,,,,
Anura,Hylidae,Scinax,Scinax_perpusillus,,,,,,,,,,,
Anura,Hylidae,Scinax,Scinax_proboscideus,,,,,,,,,,,
Anura,Hylidae,Scinax,Scinax_quinquefasciatus,,,,,,,,,,,
Anura,Hylidae,Scinax,Scinax_rizibilis,,,,,,,,,,,
Anura,Hylidae,Scinax,Scinax_rostratus,,,,,,,,,,,
Anura,Hylidae,Scinax,Scinax_ruber,,,,,,,,,,,
Anura,Hylidae,Scinax,Scinax_similis,,,,,,,,,,,
Anura,Hylidae,Scinax,Scinax_squalirostris,,,,,,,,,,,
Anura,Hylidae,Scinax,Scinax_staufferi,,,,,,,,,,,
Anura,Hylidae,Scinax,Scinax_strigilatus,,,,,,,,,,,
Anura,Hylidae,Scinax,Scinax_sugillatus,,,,,,,,,,,
Anura,Hylidae,Scinax,Scinax_trapicheiroi,,,,,,,,,,,
Anura,Hylidae,Scinax,Scinax_tsachila,,,,,,,,,,,
Anura,Hylidae,Scinax,Scinax_tymbamirim,,,,,,,,,,,
Anura,Hylidae,Scinax,Scinax_uruguayus,,,,,,,,,,,
Anura,Hylidae,Scinax,Scinax_v-signatus,,,,,,,,,,,
Anura,Hylidae,Scinax,Scinax_wandae,,,,,,,,,,,
Anura,Hylidae,Scinax,Scinax_x-signatus,,,,,,,,,,,
Anura,Hylidae,Smilisca,Smilisca_baudinii,,,,,,,,,,,
Anura,Hylidae,Smilisca,Smilisca_cyanosticta,,,,,,,,,,,
Anura,Hylidae,Smilisca,Smilisca_fodiens,,,,,,,,,,,
Anura,Hylidae,Smilisca,Smilisca_phaeota,,,,,,,,,,,
Anura,Hylidae,Smilisca,Smilisca_puma,,,,,,,,,,,
Anura,Hylidae,Smilisca,Smilisca_sila,,,,,,,,,,,
Anura,Hylidae,Smilisca,Smilisca_sordida,,,,,,,,,,,
Anura,Hylidae,Sphaenorhynchus,Sphaenorhynchus_botocudo,,,,,,,,,,,
Anura,Hylidae,Sphaenorhynchus,Sphaenorhynchus_cammaeus,,,,,,,,,,,
Anura,Hylidae,Sphaenorhynchus,Sphaenorhynchus_canga,,,,,,,,,,,
Anura,Hylidae,Sphaenorhynchus,Sphaenorhynchus_caramaschii,,,,,,,,,,,
Anura,Hylidae,Sphaenorhynchus,Sphaenorhynchus_carneus,,,,,,,,,,,
Anura,Hylidae,Sphaenorhynchus,Sphaenorhynchus_dorisae,,,,,,,,,,,
Anura,Hylidae,Sphaenorhynchus,Sphaenorhynchus_lacteus,,,,,,,,,,,
Anura,Hylidae,Sphaenorhynchus,Sphaenorhynchus_mirim,,,,,,,,,,,
Anura,Hylidae,Sphaenorhynchus,Sphaenorhynchus_pauloalvini,,,,,,,,,,,
Anura,Hylidae,Sphaenorhynchus,Sphaenorhynchus_planicola,,,,,,,,,,,
Anura,Hylidae,Sphaenorhynchus,Sphaenorhynchus_platycephalus,,,,,,,,,,,
Anura,Hylidae,Sphaenorhynchus,Sphaenorhynchus_prasinus,,,,,,,,,,,
Anura,Hylidae,Sphaenorhynchus,Sphaenorhynchus_surdus,,,,,,,,,,,
Anura,Hylidae,Tepuihyla,Tepuihyla_aecii,,,,,,,,,,,
Anura,Hylidae,Tepuihyla,Tepuihyla_edelcae,,,,,,,,,,,
Anura,Hylidae,Tepuihyla,Tepuihyla_exophthalma,,,,,,,,,,,
Anura,Hylidae,Tepuihyla,Tepuihyla_obscura,,,,,,,,,,,
Anura,Hylidae,Tepuihyla,Tepuihyla_rodriguezi,,,,,,,,,,,
Anura,Hylidae,Tepuihyla,Tepuihyla_shushupe,,,,,,,,,,,
Anura,Hylidae,Tepuihyla,Tepuihyla_tuberculosa,,,,,,,,,,,
Anura,Hylidae,Tepuihyla,Tepuihyla_warreni,,,,,,,,,,,
Anura,Hylidae,Tlalocohyla,Tlalocohyla_godmani,,,,,,,,,,,
Anura,Hylidae,Tlalocohyla,Tlalocohyla_loquax,,,,,,,,,,,
Anura,Hylidae,Tlalocohyla,Tlalocohyla_picta,,,,,,,,,,,
Anura,Hylidae,Tlalocohyla,Tlalocohyla_smithii,,,,,,,,,,,
Anura,Hylidae,Trachycephalus,Trachycephalus_atlas,,,,,,,,,,,
Anura,Hylidae,Trachycephalus,Trachycephalus_coriaceus,,,,,,,,,,,
Anura,Hylidae,Trachycephalus,Trachycephalus_cunauaru,,,,,,,,,,,
Anura,Hylidae,Trachycephalus,Trachycephalus_dibernardoi,,,,,,,,,,,
Anura,Hylidae,Trachycephalus,Trachycephalus_hadroceps,,,,,,,,,,,
Anura,Hylidae,Trachycephalus,Trachycephalus_helioi,,,,,,,,,,,
Anura,Hylidae,Trachycephalus,Trachycephalus_imitatrix,,,,,,,,,,,
Anura,Hylidae,Trachycephalus,Trachycephalus_jordani,,,,,,,,,,,
Anura,Hylidae,Trachycephalus,Trachycephalus_lepidus,,,,,,,,,,,
Anura,Hylidae,Trachycephalus,Trachycephalus_macrotis,,,,,,,,,,,
Anura,Hylidae,Trachycephalus,Trachycephalus_mambaiensis,,,,,,,,,,,
Anura,Hylidae,Trachycephalus,Trachycephalus_mesophaeus,,,,,,,,,,,
Anura,Hylidae,Trachycephalus,Trachycephalus_nigromaculatus,,,,,,,,,,,
Anura,Hylidae,Trachycephalus,Trachycephalus_quadrangulum,,,,,,,,,,,
Anura,Hylidae,Trachycephalus,Trachycephalus_resinifictrix,,,,,,,,,,,
Anura,Hylidae,Trachycephalus,Trachycephalus_typhonius,,,,,,,,,,,
Anura,Hylidae,Triprion,Triprion_petasatus,,,,,,,,,,,
Anura,Hylidae,Triprion,Triprion_spatulatus,,,,,,,,,,,
Anura,Hylidae,Triprion,Triprion_spinosus,,,,,,,,,,,
Anura,Hylidae,Xenohyla,Xenohyla_eugenioi,,,,,,,,,,,
Anura,Hylidae,Xenohyla,Xenohyla_truncata,,,,,,,,,,,
Anura,Hylidae,Cyclorana,Cyclorana_alboguttata,,,,,,,,,,,
Anura,Hylidae,Cyclorana,Cyclorana_australis,,,,,,,,,,,
Anura,Hylidae,Cyclorana,Cyclorana_brevipes,,,,,,,,,,,
Anura,Hylidae,Cyclorana,Cyclorana_cryptotis,,,,,,,,,,,
Anura,Hylidae,Cyclorana,Cyclorana_cultripes,,,,,,,,,,,
Anura,Hylidae,Cyclorana,Cyclorana_longipes,,,,,,,,,,,
Anura,Hylidae,Cyclorana,Cyclorana_maculosa,,,,,,,,,,,
Anura,Hylidae,Cyclorana,Cyclorana_maini,,,,,,,,,,,
Anura,Hylidae,Cyclorana,Cyclorana_manya,,,,,,,,,,,
Anura,Hylidae,Cyclorana,Cyclorana_novaehollandiae,,,,,,,,,,,
Anura,Hylidae,Cyclorana,Cyclorana_occidentalis,,,,,,,,,,,
Anura,Hylidae,Cyclorana,Cyclorana_platycephala,,,,,,,,,,,
Anura,Hylidae,Cyclorana,Cyclorana_vagitus,,,,,,,,,,,
Anura,Hylidae,Cyclorana,Cyclorana_verrucosa,,,,,,,,,,,
Anura,Hylidae,Dryaderces,Dryaderces_inframaculata,,,,,,,,,,,
Anura,Hylidae,Dryaderces,Dryaderces_pearsoni,,,,,,,,,,,
Anura,Hylidae,Pseudacris,Pseudacris_brimleyi,,,,,,,,,,,
Anura,Hylidae,Pseudacris,Pseudacris_cadaverina,,,,,,,,,,,
Anura,Hylidae,Pseudacris,Pseudacris_clarkii,,,,,,,,,,,
Anura,Hylidae,Pseudacris,Pseudacris_crucifer,,,,,,,,,,,
Anura,Hylidae,Pseudacris,Pseudacris_feriarum,,,,,,,,,,,
Anura,Hylidae,Pseudacris,Pseudacris_fouquettei,,,,,,,,,,,
Anura,Hylidae,Pseudacris,Pseudacris_illinoensis,,,,,,,,,,,
Anura,Hylidae,Pseudacris,Pseudacris_kalmi,,,,,,,,,,,
Anura,Hylidae,Pseudacris,Pseudacris_maculata,,,,,,,,,,,
Anura,Hylidae,Pseudacris,Pseudacris_nigrita,,,,,,,,,,,
Anura,Hylidae,Pseudacris,Pseudacris_ocularis,,,,,,,,,,,
Anura,Hylidae,Pseudacris,Pseudacris_ornata,,,,,,,,,,,
Anura,Hylidae,Pseudacris,Pseudacris_regilla,,,,,,,,,,,
Anura,Hylidae,Pseudacris,Pseudacris_streckeri,,,,,,,,,,,
Anura,Hylidae,Pseudacris,Pseudacris_triseriata,,,,,,,,,,,
Anura,Hylidae,Pseudis,Pseudis_cardosoi,,,,,,,,,,,
Anura,Hylidae,Pseudis,Pseudis_fusca,,,,,,,,,,,
Anura,Hylidae,Pseudis,Pseudis_minuta,,,,,,,,,,,
Anura,Hylidae,Pseudis,Pseudis_paradoxa,,,,,,,,,,,
Anura,Hylidae,Pseudis,Pseudis_platensis,,,,,,,,,,,
Anura,Hylidae,Pseudis,Pseudis_tocantins,,,,,,,,,,,
Anura,Hylidae,Ptychohyla,Ptychohyla_dendrophasma,,,,,,,,,,,
Anura,Hylidae,Ptychohyla,Ptychohyla_euthysanota,,,,,,,,,,,
Anura,Hylidae,Ptychohyla,Ptychohyla_hypomykter,,,,,,,,,,,
Anura,Hylidae,Ptychohyla,Ptychohyla_legleri,,,,,,,,,,,
Anura,Hylidae,Ptychohyla,Ptychohyla_leonhardschultzei,,,,,,,,,,,
Anura,Hylidae,Ptychohyla,Ptychohyla_macrotympanum,,,,,,,,,,,
Anura,Hylidae,Ptychohyla,Ptychohyla_salvadorensis,,,,,,,,,,,
Anura,Hylidae,Ptychohyla,Ptychohyla_sanctaecrucis,,,,,,,,,,,
Anura,Hylidae,Ptychohyla,Ptychohyla_zophodes,,,,,,,,,,,
Anura,Hylidae,Agalychnis,Agalychnis_annae,,,,,,,,,,,
Anura,Hylidae,Agalychnis,Agalychnis_callidryas,,,,,,,,,,,
Anura,Hylidae,Agalychnis,Agalychnis_dacnicolor,,,,,,,,,,,
Anura,Hylidae,Agalychnis,Agalychnis_hulli,,,,,,,,,,,
Anura,Hylidae,Agalychnis,Agalychnis_lemur,,,,,,,,,,,
Anura,Hylidae,Agalychnis,Agalychnis_moreletii,,,,,,,,,,,
Anura,Hylidae,Agalychnis,Agalychnis_saltator,,,,,,,,,,,
Anura,Hylidae,Agalychnis,Agalychnis_spurrelli,,,,,,,,,,,
Anura,Hylidae,Agalychnis,Agalychnis_terranova,,,,,,,,,,,
Anura,Hylidae,Cruziohyla,Cruziohyla_calcarifer,,,,,,,,,,,
Anura,Hylidae,Cruziohyla,Cruziohyla_craspedopus,,,,,,,,,,,
Anura,Hylidae,Cruziohyla,Cruziohyla_sylviae,,,,,,,,,,,
Anura,Hylidae,Phasmahyla,Phasmahyla_cochranae,,,,,,,,,,,
Anura,Hylidae,Phasmahyla,Phasmahyla_cruzi,,,,,,,,,,,
Anura,Hylidae,Phasmahyla,Phasmahyla_exilis,,,,,,,,,,,
Anura,Hylidae,Phasmahyla,Phasmahyla_guttata,,,,,,,,,,,
Anura,Hylidae,Phasmahyla,Phasmahyla_jandaia,,,,,,,,,,,
Anura,Hylidae,Phasmahyla,Phasmahyla_lisbella,,,,,,,,,,,
Anura,Hylidae,Phasmahyla,Phasmahyla_spectabilis,,,,,,,,,,,
Anura,Hylidae,Phrynomedusa,Phrynomedusa_marginata,,,,,,,,,,,