"","Family","Genus","Taxa","Portik","ecology","terrestrial","lung","Spec_lotic","eight_state","state","tree_names"
"1","Allophrynidae","Allophryne","Allophryne_ruthveni","",1,0,0,0,5,3,"Allophryne_ruthveni"
"2","Alsodidae","Alsodes","Alsodes_monticola","",1,0,1,0,6,4,"Alsodes_monticola"
"3","Alsodidae","Alsodes","Alsodes_neuquensis","",1,0,1,0,6,4,"Alsodes_neuquensis"
"4","Alsodidae","Alsodes","Alsodes_nodosus","",0,0,1,0,3,2,"Alsodes_nodosus"
"5","Alsodidae","Limnomedusa","Limnomedusa_macroglossa","",1,0,1,0,6,4,"Limnomedusa_macroglossa"
"6","Alytidae","Alytes","Alytes_dickhilleni","",1,0,1,0,6,4,"Alytes_dickhilleni"
"7","Alytidae","Alytes","Alytes_obstetricans","",1,0,1,0,6,4,"Alytes_obstetricans"
"8","Alytidae","Discoglossus","Discoglossus_galganoi","",1,0,1,0,6,4,"Discoglossus_galganoi"
"9","Alytidae","Discoglossus","Discoglossus_pictus","",1,0,1,0,6,4,"Discoglossus_pictus"
"10","Aromobatidae","Allobates","Allobates_grillisimilis","",1,0,1,0,6,4,"Allobates_grillisimilis"
"11","Aromobatidae","Allobates","Allobates_insperatus","",1,0,1,0,6,4,"Allobates_insperatus"
"12","Aromobatidae","Allobates","Allobates_nidicola","",2,1,0,0,7,NA,"Allobates_nidicola"
"13","Aromobatidae","Anomaloglossus","Anomaloglossus_tepuyensis","",0,0,1,0,3,2,"Anomaloglossus_tepuyensis"
"14","Aromobatidae","Aromobates","Aromobates_mayorgai","Aromobates_meridensis",0,0,1,0,3,2,"Aromobates_meridensis"
"15","Aromobatidae","Aromobates","Aromobates_saltuensis","",0,0,1,0,3,2,"Aromobates_saltuensis"
"16","Aromobatidae","Mannophryne","Mannophryne_herminae","",1,0,1,0,6,4,"Mannophryne_herminae"
"17","Aromobatidae","Mannophryne","Mannophryne_trinitatis","",1,0,1,0,6,4,"Mannophryne_trinitatis"
"18","Aromobatidae","Rheobates","Rheobates_palmatus","",0,0,1,0,3,2,"Rheobates_palmatus"
"19","Arthroleptidae","Astylosternus","Astylosternus_diadematus","",0,0,1,0,3,2,"Astylosternus_diadematus"
"20","Arthroleptidae","Astylosternus","Astylosternus_rheophilus","",0,0,1,0,3,2,"Astylosternus_rheophilus"
"21","Arthroleptidae","Cardioglossa","Cardioglossa_manengouba","",0,0,0,1,2,1,"Cardioglossa_manengouba"
"22","Arthroleptidae","Cardioglossa","Cardioglossa_sp.","Cardioglossa_schioetzi",0,0,0,1,2,1,"Cardioglossa_schioetzi"
"23","Arthroleptidae","Leptodactylodon","Leptodactylodon_bicolor","",0,0,1,1,4,2,"Leptodactylodon_bicolor"
"24","Arthroleptidae","Leptodactylodon","Leptodactylodon_boulengeri","",0,0,0,1,2,1,"Leptodactylodon_boulengeri"
"25","Arthroleptidae","Leptodactylodon","Leptodactylodon_mertensi","",0,0,1,1,4,2,"Leptodactylodon_mertensi"
"26","Arthroleptidae","Leptopelis","Leptopelis_boulengeri","",0,0,1,0,3,2,"Leptopelis_boulengeri"
"27","Arthroleptidae","Leptopelis","Leptopelis_kivuensis","",1,0,1,0,6,4,"Leptopelis_kivuensis"
"28","Arthroleptidae","Leptopelis","Leptopelis_natalensis","",0,0,1,0,3,2,"Leptopelis_natalensis"
"29","Arthroleptidae","Leptopelis","Leptopelis_vermiculatus","",1,0,1,0,6,4,"Leptopelis_vermiculatus"
"30","Arthroleptidae","Nyctibates","Nyctibates_corrugatus","",0,0,1,1,4,2,"Nyctibates_corrugatus"
"31","Arthroleptidae","Trichobatrachus","Trichobatrachus_robustus","",0,0,1,1,4,2,"Trichobatrachus_robustus"
"32","Ascaphidae","Ascaphus","Ascaphus_montanus","",0,0,0,1,2,1,"Ascaphus_montanus"
"33","Ascaphidae","Ascaphus","Ascaphus_truei","",0,0,0,1,2,1,"Ascaphus_truei"
"34","Batrachylidae","Atelognathus","Atelognathus_reverberii","",1,0,1,0,6,4,"Atelognathus_reverberii"
"35","Batrachylidae","Batrachyla","Batrachyla_taeniata","",1,0,1,0,6,4,"Batrachyla_taeniata"
"36","Batrachylidae","Hylorina","Hylorina_sylvatica","",1,0,1,0,6,4,"Hylorina_sylvatica"
"37","Bombinatoridae","Bombina","Bombina_maxima","",1,0,1,0,6,4,"Bombina_maxima"
"38","Bombinatoridae","Bombina","Bombina_orientalis","",1,0,1,0,6,4,"Bombina_orientalis"
"39","Bombinatoridae","Bombina","Bombina_variegata","",1,0,1,0,6,4,"Bombina_variegata"
"40","Bufonidae","Adhaerobufo","Adhaerobufo_nasicus","Rhaebo_nasicus",0,0,0,1,2,1,"Rhaebo_nasicus"
"41","Bufonidae","Amazophrynella","Amazophrynella_minuta","",1,0,0,0,5,3,"Amazophrynella_minuta"
"42","Bufonidae","Anaxyrus","Anaxyrus_americanus","",1,0,0,0,5,3,"Anaxyrus_americanus"
"43","Bufonidae","Anaxyrus","Anaxyrus_terrestris","",1,0,0,0,5,3,"Anaxyrus_terrestris"
"44","Bufonidae","Anaxyrus","Anaxyrus_woodhousii","",1,0,0,0,5,3,"Anaxyrus_woodhousii"
"45","Bufonidae","Ansonia","Ansonia_echinata","?",0,0,0,1,2,1,NA
"46","Bufonidae","Ansonia","Ansonia_hanitschi","",0,0,0,1,2,1,"Ansonia_hanitschi"
"47","Bufonidae","Ansonia","Ansonia_mcgregori","",0,0,0,1,2,1,"Ansonia_mcgregori"
"48","Bufonidae","Atelopus","Atelopus_nanay","",0,0,0,1,2,1,"Atelopus_nanay"
"49","Bufonidae","Atelopus","Atelopus_tricolor","",0,0,0,1,2,1,"Atelopus_tricolor"
"50","Bufonidae","Atelopus","Atelopus_zeteki","",0,0,0,1,2,1,"Atelopus_zeteki"
"51","Bufonidae","Barbarophryne","Barbarophryne_brongersmai","",1,0,0,0,5,3,"Barbarophryne_brongersmai"
"52","Bufonidae","Bufo","Bufo_bufo","",1,0,0,0,5,3,"Bufo_bufo"
"53","Bufonidae","Bufo","Bufo_torrenticola","",0,0,0,1,2,1,"Bufo_torrenticola"
"54","Bufonidae","Capensibufo","Capensibufo_tradouwi","",1,0,0,0,5,3,"Capensibufo_tradouwi"
"55","Bufonidae","Dendrophryniscus","Dendrophryniscus_brevipollicatus","",1,0,0,0,5,3,"Dendrophryniscus_brevipollicatus"
"56","Bufonidae","Duttaphrynus","Duttaphrynus_melanostictus","",1,0,0,0,5,3,"Duttaphrynus_melanostictus"
"57","Bufonidae","Duttaphrynus","Duttaphrynus_stomaticus","",1,0,0,0,5,3,"Duttaphrynus_stomaticus"
"58","Bufonidae","Frostius","Frostius_pernambucensis","Frostius_erythrophthalmus",1,0,0,0,5,3,"Frostius_erythrophthalmus"
"59","Bufonidae","Incilius","Incilius_aucoinae","",0,0,0,0,1,1,"Incilius_aucoinae"
"60","Bufonidae","Incilius","Incilius_coccifer","",1,0,0,0,5,3,"Incilius_coccifer"
"61","Bufonidae","Incilius","Incilius_coniferus","",1,0,0,0,5,3,"Incilius_coniferus"
"62","Bufonidae","Ingerophrynus","Ingerophrynus_parvus","",1,0,0,0,5,3,"Ingerophrynus_parvus"
"63","Bufonidae","Melanophryniscus","Melanophryniscus_moreirae","",1,0,0,0,5,3,"Melanophryniscus_moreirae"
"64","Bufonidae","Melanophryniscus","Melanophryniscus_pachyrhynus","",0,0,0,0,1,1,"Melanophryniscus_pachyrhynus"
"65","Bufonidae","Mertensophryne","Mertensophryne_micranotis","",1,0,0,0,5,3,"Mertensophryne_micranotis"
"66","Bufonidae","Nannophryne","Nannophryne_cophotis","",1,0,0,0,5,3,"Nannophryne_cophotis"
"67","Bufonidae","Osornophryne","Osornophryne_sp","Osornophryne_guacamayo",2,1,0,0,7,NA,"Osornophryne_guacamayo"
"68","Bufonidae","Peltophryne","Peltophryne_lemur","",1,0,0,0,5,3,"Peltophryne_lemur"
"69","Bufonidae","Peltophryne","Peltophryne_peltocephala","",1,0,0,0,5,3,"Peltophryne_peltocephala"
"70","Bufonidae","Phrynoidis","Phrynoidis_asper","",0,0,0,1,2,1,"Phrynoidis_asper"
"71","Bufonidae","Rentapia","Rentapia_hosii","",0,0,0,0,1,1,"Rentapia_hosii"
"72","Bufonidae","Rhaebo","Rhaebo_caeruleostictus","?",1,0,0,0,5,3,NA
"73","Bufonidae","Rhaebo","Rhaebo_glaberrimus","",0,0,0,0,1,1,"Rhaebo_glaberrimus"
"74","Bufonidae","Rhaebo","Rhaebo_guttatus","",1,0,0,0,5,3,"Rhaebo_guttatus"
"75","Bufonidae","Rhaebo","Rhaebo_haematiticus","",0,0,0,0,1,1,"Rhaebo_haematiticus"
"76","Bufonidae","Rhinella","Rhinella_acutirostris","",1,0,0,0,5,3,"Rhinella_acutirostris"
"77","Bufonidae","Rhinella","Rhinella_amabilis","Rhinella_limensis",NA,0,0,0,NA,NA,"Rhinella_limensis"
"78","Bufonidae","Rhinella","Rhinella_arenarum","",1,0,0,0,5,3,"Rhinella_arenarum"
"79","Bufonidae","Rhinella","Rhinella_castaneotica","",1,0,0,0,5,3,"Rhinella_castaneotica"
"80","Bufonidae","Rhinella","Rhinella_chrysophora","?",0,0,0,1,2,1,NA
"81","Bufonidae","Rhinella","Rhinella_crucifer","",1,0,0,0,5,3,"Rhinella_crucifer"
"82","Bufonidae","Rhinella","Rhinella_granulosa","",1,0,0,0,5,3,"Rhinella_granulosa"
"83","Bufonidae","Rhinella","Rhinella_icterica","",1,0,0,0,5,3,"Rhinella_icterica"
"84","Bufonidae","Rhinella","Rhinella_jimi","Rhinella_horribilis",1,0,0,0,5,3,"Rhinella_horribilis"
"85","Bufonidae","Rhinella","Rhinella_marina","",1,0,0,0,5,3,"Rhinella_marina"
"86","Bufonidae","Rhinella","Rhinella_schneideri","",1,0,0,0,5,3,"Rhinella_schneideri"
"87","Bufonidae","Rhinella","Rhinella_veraguensis","",0,0,0,1,2,1,"Rhinella_veraguensis"
"88","Bufonidae","Schismaderma","Schismaderma_carens","",1,0,0,0,5,3,"Schismaderma_carens"
"89","Bufonidae","Sclerophrys","Sclerophrys_capensis","",1,0,0,0,5,3,"Sclerophrys_capensis"
"90","Bufonidae","Sclerophrys","Sclerophrys_garmani","",1,0,0,0,5,3,"Sclerophrys_garmani"
"91","Bufonidae","Sclerophrys","Sclerophrys_gutturalis","",1,0,0,0,5,3,"Sclerophrys_gutturalis"
"92","Bufonidae","Sclerophrys","Sclerophrys_lemairii","",1,0,0,0,5,3,"Sclerophrys_lemairii"
"93","Bufonidae","Sclerophrys","Sclerophrys_pardalis","",1,0,0,0,5,3,"Sclerophrys_pardalis"
"94","Bufonidae","Sclerophrys","Sclerophrys_poweri","",1,0,0,0,5,3,"Sclerophrys_poweri"
"95","Bufonidae","Sclerophrys","Sclerophrys_pusilla","",1,0,0,0,5,3,"Sclerophrys_pusilla"
"96","Bufonidae","Strauchbufo","Strauchbufo_raddei","",1,0,0,0,5,3,"Strauchbufo_raddei"
"97","Bufonidae","Vandijkophrynus","Vandijkophrynus_amatolicus","",1,0,0,0,5,3,"Vandijkophrynus_amatolicus"
"98","Bufonidae","Vandijkophrynus","Vandijkophrynus_angusticeps","",1,0,0,0,5,3,"Vandijkophrynus_angusticeps"
"99","Bufonidae","Vandijkophrynus","Vandijkophrynus_gariepensis","",1,0,0,0,5,3,"Vandijkophrynus_gariepensis"
"100","Bufonidae","Werneria","Werneria_bambutensis","",0,0,0,1,2,1,"Werneria_bambutensis"
"101","Calyptocephalellidae","Calyptocephalella","Calyptocephalella_gayi","",1,0,1,0,6,4,"Calyptocephalella_gayi"
"102","Centrolenidae","Centrolene","Centrolene_geckoideum","",0,0,0,1,2,1,"Centrolene_geckoideum"
"103","Centrolenidae","Centrolene","Centrolene_quindianum","Centrolene_altitudinalis",0,0,1,1,4,2,"Centrolene_altitudinalis"
"104","Centrolenidae","Cochranella","Cochranella_granulosa","",0,0,1,1,4,2,"Cochranella_granulosa"
"105","Centrolenidae","Espadarana","Espadarana_prosoblepon","",0,0,1,1,4,2,"Espadarana_prosoblepon"
"106","Centrolenidae","Hyalinobatrachium","Hyalinobatrachium_chirripoi","",0,0,1,1,4,2,"Hyalinobatrachium_chirripoi"
"107","Centrolenidae","Hyalinobatrachium","Hyalinobatrachium_fleischmanni","",0,0,0,1,2,1,"Hyalinobatrachium_fleischmanni"
"108","Centrolenidae","Hyalinobatrachium","Hyalinobatrachium_tricolor","",0,0,1,1,4,2,"Hyalinobatrachium_tricolor"
"109","Centrolenidae","Ikakogi","Ikakogi_ispacue","",0,0,0,1,2,1,"Ikakogi_ispacue"
"110","Centrolenidae","Ikakogi","Ikakogi_tayrona","",0,0,0,1,2,1,"Ikakogi_tayrona"
"111","Centrolenidae","Nymphargus","Nymphargus_griffithsi","",0,0,1,1,4,2,"Nymphargus_griffithsi"
"112","Centrolenidae","Vitreorana","Vitreorana_uranoscopa","",0,0,1,1,4,2,"Vitreorana_uranoscopa"
"113","Ceratophryidae","Ceratophrys","Ceratophrys_aurita","",1,0,1,0,6,4,"Ceratophrys_aurita"
"114","Ceratophryidae","Ceratophrys","Ceratophrys_calcarata","",1,0,1,0,6,4,"Ceratophrys_calcarata"
"115","Ceratophryidae","Ceratophrys","Ceratophrys_ornata","",1,0,1,0,6,4,"Ceratophrys_ornata"
"116","Ceratophryidae","Chacophrys","Chacophrys_pierottii","",1,0,1,0,6,4,"Chacophrys_pierottii"
"117","Ceratophryidae","Lepidobatrachus","Lepidobatrachus_laevis","",1,0,1,0,6,4,"Lepidobatrachus_laevis"
"118","Conrauidae","Conraua","Conraua_robusta","",0,0,1,1,4,2,"Conraua_robusta"
"119","Cycloramphidae","Cycloramphus","Cycloramphus_boraceiensis","",0,1,1,1,8,2,"Cycloramphus_boraceiensis"
"120","Cycloramphidae","Cycloramphus","Cycloramphus_fuliginosus","",0,1,1,1,8,2,"Cycloramphus_fuliginosus"
"121","Cycloramphidae","Cycloramphus","Cycloramphus_izecksohni","",0,1,1,1,8,2,"Cycloramphus_izecksohni"
"122","Cycloramphidae","Cycloramphus","Cycloramphus_stejnegeri","",2,1,0,0,7,NA,"Cycloramphus_stejnegeri"
"123","Cycloramphidae","Thoropa","Thoropa_megatympanum","",0,1,1,1,8,2,"Thoropa_megatympanum"
"124","Cycloramphidae","Thoropa","Thoropa_miliaris","",0,1,1,1,8,2,"Thoropa_miliaris"
"125","Cycloramphidae","Thoropa","Thoropa_petropolitana","?",0,1,0,1,7,1,NA
"126","Cycloramphidae","Thoropa","Thoropa_taophora","",0,1,0,1,7,1,"Thoropa_taophora"
"127","Dendrobatidae","Adelphobates","Adelphobates_galactonotus","",1,0,1,0,6,4,"Adelphobates_galactonotus"
"128","Dendrobatidae","Adelphobates","Adelphobates_quinquevittatus","",1,0,1,0,6,4,"Adelphobates_quinquevittatus"
"129","Dendrobatidae","Ameerega","Ameerega_trivittata","",1,0,1,0,6,4,"Ameerega_trivittata"
"130","Dendrobatidae","Andinobates","Andinobates_bombetes","",1,0,1,0,6,4,"Andinobates_bombetes"
"131","Dendrobatidae","Colostethus","Colostethus_dunni","?",NA,NA,1,0,NA,NA,NA
"132","Dendrobatidae","Colostethus","Colostethus_imbricolus","",1,0,1,0,6,4,"Colostethus_imbricolus"
"133","Dendrobatidae","Dendrobates","Dendrobates_tinctorius","",1,0,1,0,6,4,"Dendrobates_tinctorius"
"134","Dendrobatidae","Dendrobates","Dendrobates_truncatus","",1,0,1,0,6,4,"Dendrobates_truncatus"
"135","Dendrobatidae","Epipedobates","Epipedobates_boulengeri","",1,0,1,0,6,4,"Epipedobates_boulengeri"
"136","Dendrobatidae","Epipedobates","Epipedobates_tricolor","",1,0,1,0,6,4,"Epipedobates_tricolor"
"137","Dendrobatidae","Excidobates","Excidobates_condor","",1,0,1,0,6,4,"Excidobates_condor"
"138","Dendrobatidae","Hyloxalus","Hyloxalus_subpunctatus","",1,0,1,0,6,4,"Hyloxalus_subpunctatus"
"139","Dendrobatidae","Leucostethus","Leucostethus_fraterdanieli","Colostethus_fraterdanieli",1,0,1,0,6,4,"Colostethus_fraterdanieli"
"140","Dendrobatidae","Minyobates","Minyobates_steyermarki","",1,0,1,0,6,4,"Minyobates_steyermarki"
"141","Dendrobatidae","Oophaga","Oophaga_pumilio","",1,0,1,0,6,4,"Oophaga_pumilio"
"142","Dendrobatidae","Paruwrobates","Hyloxalus_whymperi","Ameerega_erythromos",1,0,1,0,6,4,"Ameerega_erythromos"
"143","Dendrobatidae","Phyllobates","Phyllobates_aurotaenia","",1,0,1,0,6,4,"Phyllobates_aurotaenia"
"144","Dendrobatidae","Phyllobates","Phyllobates_bicolor","",1,0,1,0,6,4,"Phyllobates_bicolor"
"145","Dendrobatidae","Ranitomeya","Ranitomeya_defleri","",1,0,1,0,6,4,"Ranitomeya_defleri"
"146","Dendrobatidae","Silverstoneia","Silverstoneia_flotator","",0,0,1,0,3,2,"Silverstoneia_flotator"
"147","Dicroglossidae","Euphlyctis","Euphlyctis_cyanophlyctis","",1,0,1,0,6,4,"Euphlyctis_cyanophlyctis"
"148","Dicroglossidae","Fejervarya","Fejervarya_cancrivora","",1,0,1,0,6,4,"Fejervarya_cancrivora"
"149","Dicroglossidae","Fejervarya","Fejervarya_limnocharis","",1,0,1,0,6,4,"Fejervarya_limnocharis"
"150","Dicroglossidae","Hoplobatrachus","Hoplobatrachus_occipitalis","",1,0,1,0,6,4,"Hoplobatrachus_occipitalis"
"151","Dicroglossidae","Hoplobatrachus","Hoplobatrachus_tigerinus","",1,0,1,0,6,4,"Hoplobatrachus_tigerinus"
"152","Dicroglossidae","Limnonectes","Limnonectes_kuhlii","",1,0,1,0,6,4,"Limnonectes_kuhlii"
"153","Dicroglossidae","Limnonectes","Limnonectes_leporinus","",1,0,1,0,6,4,"Limnonectes_leporinus"
"154","Dicroglossidae","Limnonectes","Limnonectes_macrocephalus","",1,0,1,0,6,4,"Limnonectes_macrocephalus"
"155","Dicroglossidae","Limnonectes","Limnonectes_magnus","",0,0,1,0,3,2,"Limnonectes_magnus"
"156","Dicroglossidae","Limnonectes","Limnonectes_palavanensis","",1,0,1,0,6,4,"Limnonectes_palavanensis"
"157","Dicroglossidae","Minervarya","Minervarya_syhadrensis","",1,0,1,0,6,4,"Minervarya_syhadrensis"
"158","Dicroglossidae","Occidozyga","Occidozyga_laevis","Occidozyga_lima",1,0,1,0,6,4,"Occidozyga_lima"
"159","Dicroglossidae","Quasipaa","Quasipaa_exilispinosa","",0,0,1,0,3,2,"Quasipaa_exilispinosa"
"160","Dicroglossidae","Sphaerotheca","Sphaerotheca_breviceps","",1,0,1,0,6,4,"Sphaerotheca_breviceps"
"161","Heleophrynidae","Hadromophryne","Hadromophryne_natalensis","",0,0,1,1,4,2,"Hadromophryne_natalensis"
"162","Heleophrynidae","Heleophryne","Heleophryne_hewitti","?",0,0,0,1,2,1,NA
"163","Heleophrynidae","Heleophryne","Heleophryne_purcelli","",0,0,0,1,2,1,"Heleophryne_purcelli"
"164","Heleophrynidae","Heleophryne","Heleophryne_regis","",0,0,0,1,2,1,"Heleophryne_regis"
"165","Heleophrynidae","Heleophryne","Heleophryne_rosei","?",0,0,0,1,2,1,NA
"166","Hemiphractidae","Flectonotus","Flectonotus_sp.","Flectonotus_pygmaeus",1,0,1,0,6,4,"Flectonotus_pygmaeus"
"167","Hemiphractidae","Fritziana","Fritziana_sp.","Fritziana_fissilis",1,0,1,0,6,4,"Fritziana_fissilis"
"168","Hemiphractidae","Gastrotheca","Gastrotheca_monticola","",1,0,1,0,6,4,"Gastrotheca_monticola"
"169","Hemiphractidae","Gastrotheca","Gastrotheca_riobambae","",1,0,1,0,6,4,"Gastrotheca_riobambae"
"170","Hemisotidae","Hemisus","Hemisus_guttatus","",1,0,1,0,6,4,"Hemisus_guttatus"
"171","Hemisotidae","Hemisus","Hemisus_marmoratus","",1,0,1,0,6,4,"Hemisus_marmoratus"
"172","Hylidae","Acris","Acris_crepitans","",1,0,1,0,6,4,"Acris_crepitans"
"173","Hylidae","Agalychnis","Agalychnis_callidryas","",1,0,1,0,6,4,"Agalychnis_callidryas"
"174","Hylidae","Agalychnis","Agalychnis_moreletii","",1,0,1,0,6,4,"Agalychnis_moreletii"
"175","Hylidae","Aparasphenodon","Aparasphenodon_brunoi","",1,0,1,0,6,4,"Aparasphenodon_brunoi"
"176","Hylidae","Aplastodiscus","Aplastodiscus_perviridis","",1,0,1,0,6,4,"Aplastodiscus_perviridis"
"177","Hylidae","Atlantihyla","Atlantihyla_spinipollex","",0,0,1,0,3,2,"Atlantihyla_spinipollex"
"178","Hylidae","Boana","Boana_boans","",0,0,1,0,3,2,"Boana_boans"
"179","Hylidae","Boana","Boana_cordobae","",0,0,1,0,3,2,"Boana_cordobae"
"180","Hylidae","Boana","Boana_geographica","",1,0,1,0,6,4,"Boana_geographica"
"181","Hylidae","Boana","Boana_heilprini","",0,0,1,0,3,2,"Boana_heilprini"
"182","Hylidae","Bokermannohyla","Bokermannohyla_claresignata","",0,0,1,0,3,2,"Bokermannohyla_claresignata"
"183","Hylidae","Bromeliohyla","Bromeliohyla_bromeliacia","",1,0,1,0,6,4,"Bromeliohyla_bromeliacia"
"184","Hylidae","Bromeliohyla","Bromeliohyla_dendroscarta","Bromeliohyla_melacaena",1,0,1,0,6,4,"Bromeliohyla_melacaena"
"185","Hylidae","Charadrahyla","Charadrahyla_altipotens","Charadrahyla_taeniopus",0,0,1,0,3,2,"Charadrahyla_taeniopus"
"186","Hylidae","Cruziohyla","Cruziohyla_sylviae","",1,0,1,0,6,4,"Cruziohyla_sylviae"
"187","Hylidae","Cyclorana","Cyclorana_australis","",1,0,1,0,6,4,"Cyclorana_australis"
"188","Hylidae","Cyclorana","Cyclorana_longipes","",1,0,1,0,6,4,"Cyclorana_longipes"
"189","Hylidae","Dendropsophus","Dendropsophus_ebraccatus","",1,0,1,0,6,4,"Dendropsophus_ebraccatus"
"190","Hylidae","Dendropsophus","Dendropsophus_labialis","",1,0,1,0,6,4,"Dendropsophus_labialis"
"191","Hylidae","Dendropsophus","Dendropsophus_marmoratus","",1,0,1,0,6,4,"Dendropsophus_marmoratus"
"192","Hylidae","Duellmanohyla","Duellmanohyla_ignicolor","?",0,0,1,0,3,2,NA
"193","Hylidae","Duellmanohyla","Duellmanohyla_rufioculis","",0,0,1,0,3,2,"Duellmanohyla_rufioculis"
"194","Hylidae","Duellmanohyla","Duellmanohyla_salvavida","",0,0,1,0,3,2,"Duellmanohyla_salvavida"
"195","Hylidae","Duellmanohyla","Duellmanohyla_schmidtorum","?",0,0,1,0,3,2,NA
"196","Hylidae","Duellmanohyla","Duellmanohyla_soralia","",0,0,1,0,3,2,"Duellmanohyla_soralia"
"197","Hylidae","Duellmanohyla","Duellmanohyla_uranochroa","",0,0,1,0,3,2,"Duellmanohyla_uranochroa"
"198","Hylidae","Ecnomiohyla","Ecnomiohyla_miotympanum","",0,0,1,0,3,2,"Ecnomiohyla_miotympanum"
"199","Hylidae","Ecnomiohyla","Ecnomiohyla_salvaje","Ecnomiohyla_minera",1,0,1,0,6,4,"Ecnomiohyla_minera"
"200","Hylidae","Exerodonta","Exerodonta_melanomma","",0,0,1,0,3,2,"Exerodonta_melanomma"
"201","Hylidae","Hyla","Hyla_annectans","",1,0,1,0,6,4,"Hyla_annectans"
"202","Hylidae","Hyla","Hyla_chrysoscelis","",1,0,1,0,6,4,"Hyla_chrysoscelis"
"203","Hylidae","Hyla","Hyla_cinerea","",1,0,1,0,6,4,"Hyla_cinerea"
"204","Hylidae","Hyla","Hyla_immaculata","",1,0,1,0,6,4,"Hyla_immaculata"
"205","Hylidae","Hyla","Hyla_squirella","",1,0,1,0,6,4,"Hyla_squirella"
"206","Hylidae","Hyla","Hyla_suweonensis","",1,0,1,0,6,4,"Hyla_suweonensis"
"207","Hylidae","Hyla","Hyla_versicolor","",1,0,1,0,6,4,"Hyla_versicolor"
"208","Hylidae","Hyloscirtus","Hyloscirtus_armatus","",0,0,1,1,4,2,"Hyloscirtus_armatus"
"209","Hylidae","Hyloscirtus","Hyloscirtus_colymba","",0,0,1,1,4,2,"Hyloscirtus_colymba"
"210","Hylidae","Isthmohyla","Isthmohyla_rivularis","",0,0,1,1,4,2,"Isthmohyla_rivularis"
"211","Hylidae","Isthmohyla","Isthmohyla_tica","",0,0,1,1,4,2,"Isthmohyla_tica"
"212","Hylidae","Isthmohyla","Isthmohyla_zeteki","",1,0,1,0,6,4,"Isthmohyla_zeteki"
"213","Hylidae","Itapotihyla","Itapotihyla_langsdorffii","",1,0,1,0,6,4,"Itapotihyla_langsdorffii"
"214","Hylidae","Litoria","Litoria_adelaidensis","",1,0,1,0,6,4,"Litoria_adelaidensis"
"215","Hylidae","Litoria","Litoria_aurea","",1,0,1,0,6,4,"Litoria_aurea"
"216","Hylidae","Litoria","Litoria_booroolongensis","",0,0,1,1,4,2,"Litoria_booroolongensis"
"217","Hylidae","Litoria","Litoria_citropa","",0,0,1,1,4,2,"Litoria_citropa"
"218","Hylidae","Litoria","Litoria_coplandi","",0,0,1,0,3,2,"Litoria_coplandi"
"219","Hylidae","Litoria","Litoria_dahlii","",1,0,1,0,6,4,"Litoria_dahlii"
"220","Hylidae","Litoria","Litoria_dayi","?",0,0,0,1,2,1,NA
"221","Hylidae","Litoria","Litoria_electrica","",1,0,1,0,6,4,"Litoria_electrica"
"222","Hylidae","Litoria","Litoria_eucnemis","",1,0,1,0,6,4,"Litoria_eucnemis"
"223","Hylidae","Litoria","Litoria_inermis","",1,0,1,0,6,4,"Litoria_inermis"
"224","Hylidae","Litoria","Litoria_infrafrenata","",1,0,1,0,6,4,"Litoria_infrafrenata"
"225","Hylidae","Litoria","Litoria_iris","",1,0,1,0,6,4,"Litoria_iris"
"226","Hylidae","Litoria","Litoria_jervisiensis","",1,0,1,0,6,4,"Litoria_jervisiensis"
"227","Hylidae","Litoria","Litoria_lesueurii","",0,0,1,1,4,2,"Litoria_lesueurii"
"228","Hylidae","Litoria","Litoria_moorei","",1,0,1,0,6,4,"Litoria_moorei"
"229","Hylidae","Litoria","Litoria_nannotis","",0,0,0,1,2,1,"Litoria_nannotis"
"230","Hylidae","Litoria","Litoria_nyakalensis","",0,0,0,1,2,1,"Litoria_nyakalensis"
"231","Hylidae","Litoria","Litoria_peronii","",1,0,1,0,6,4,"Litoria_peronii"
"232","Hylidae","Litoria","Litoria_rheocola","",0,0,0,1,2,1,"Litoria_rheocola"
"233","Hylidae","Litoria","Litoria_serrata","",0,0,1,0,3,2,"Litoria_serrata"
"234","Hylidae","Litoria","Litoria_subglandulosa","",0,0,1,1,4,2,"Litoria_subglandulosa"
"235","Hylidae","Litoria","Litoria_xanthomera","",1,0,1,0,6,4,"Litoria_xanthomera"
"236","Hylidae","Megastomatohyla","Megastomatohyla_mixe","",0,0,0,1,2,1,"Megastomatohyla_mixe"
"237","Hylidae","Megastomatohyla","Megastomatohyla_mixomaculata","Megastomatohyla_pellita",0,0,0,1,2,1,"Megastomatohyla_pellita"
"238","Hylidae","Myersiohyla","Myersiohyla_chamaeleo","Myersiohyla_inparquesi",0,0,1,0,3,2,"Myersiohyla_inparquesi"
"239","Hylidae","Nyctimystes","Nyctimystes_cheesmani","",0,0,0,1,2,1,"Nyctimystes_cheesmani"
"240","Hylidae","Osteocephalus","Osteocephalus_oophagus","",1,0,1,0,6,4,"Osteocephalus_oophagus"
"241","Hylidae","Osteocephalus","Osteocephalus_planiceps","",1,0,1,0,6,4,"Osteocephalus_planiceps"
"242","Hylidae","Osteopilus","Osteopilus_dominicensis","",1,0,1,0,6,4,"Osteopilus_dominicensis"
"243","Hylidae","Osteopilus","Osteopilus_ocellatus","",1,0,1,0,6,4,"Osteopilus_ocellatus"
"244","Hylidae","Osteopilus","Osteopilus_septentrionalis","",1,0,1,0,6,4,"Osteopilus_septentrionalis"
"245","Hylidae","Osteopilus","Osteopilus_vastus","",0,0,1,0,3,2,"Osteopilus_vastus"
"246","Hylidae","Phasmahyla","Phasmahyla_cochranae","",1,0,1,0,6,4,"Phasmahyla_cochranae"
"247","Hylidae","Phasmahyla","Phasmahyla_cruzi","",1,0,1,0,6,4,"Phasmahyla_cruzi"
"248","Hylidae","Phasmahyla","Phasmahyla_guttata","",1,0,1,0,6,4,"Phasmahyla_guttata"
"249","Hylidae","Phyllomedusa","Phyllomedusa_distincta","",1,0,1,0,6,4,"Phyllomedusa_distincta"
"250","Hylidae","Phyllomedusa","Phyllomedusa_vaillantii","",1,0,1,0,6,4,"Phyllomedusa_vaillantii"
"251","Hylidae","Plectrohyla","Plectrohyla_guatemalensis","",0,0,1,0,3,2,"Plectrohyla_guatemalensis"
"252","Hylidae","Plectrohyla","Plectrohyla_teuchestes","Plectrohyla_matudai",0,0,1,1,4,2,"Plectrohyla_matudai"
"253","Hylidae","Pseudacris","Pseudacris_crucifer","",1,0,1,0,6,4,"Pseudacris_crucifer"
"254","Hylidae","Pseudacris","Pseudacris_ornata","",1,0,1,0,6,4,"Pseudacris_ornata"
"255","Hylidae","Pseudacris","Pseudacris_regilla","",1,0,1,0,6,4,"Pseudacris_regilla"
"256","Hylidae","Pseudis","Pseudis_minuta","",1,0,1,0,6,4,"Pseudis_minuta"
"257","Hylidae","Pseudis","Pseudis_paradoxa","",1,0,1,0,6,4,"Pseudis_paradoxa"
"258","Hylidae","Ptychohyla","Ptychohyla_hypomykter","",0,0,1,0,3,2,"Ptychohyla_hypomykter"
"259","Hylidae","Ptychohyla","Ptychohyla_zophodes","",0,0,1,0,3,2,"Ptychohyla_zophodes"
"260","Hylidae","Ranoidea","Litoria_caerulea","",1,0,1,0,6,4,"Litoria_caerulea"
"261","Hylidae","Ranoidea","Litoria_rubella","",1,0,1,0,6,4,"Litoria_rubella"
"262","Hylidae","Sarcohyla","Sarcohyla_arborescandens","",0,0,1,0,3,2,"Sarcohyla_arborescandens"
"263","Hylidae","Scarthyla","Scarthyla_goinorum","",1,0,1,0,6,4,"Scarthyla_goinorum"
"264","Hylidae","Scarthyla","Scarthyla_vigilans","",1,0,1,0,6,4,"Scarthyla_vigilans"
"265","Hylidae","Scinax","Scinax_albicans","",0,0,1,0,3,2,"Scinax_albicans"
"266","Hylidae","Scinax","Scinax_nasicus","",1,0,1,0,6,4,"Scinax_nasicus"
"267","Hylidae","Scinax","Scinax_ruber","",1,0,1,0,6,4,"Scinax_ruber"
"268","Hylidae","Smilisca","Smilisca_baudinii","",1,0,1,0,6,4,"Smilisca_baudinii"
"269","Hylidae","Smilisca","Smilisca_phaeota","",1,0,1,0,6,4,"Smilisca_phaeota"
"270","Hylidae","Sphaenorhynchus","Sphaenorhynchus_dorisae","",1,0,1,0,6,4,"Sphaenorhynchus_dorisae"
"271","Hylidae","Tepuihyla","Tepuihyla_edelcae","",1,0,1,0,6,4,"Tepuihyla_edelcae"
"272","Hylidae","Tlalocohyla","Tlalocohyla_loquax","",1,0,1,0,6,4,"Tlalocohyla_loquax"
"273","Hylidae","Trachycephalus","Trachycephalus_resinifictrix","",1,0,1,0,6,4,"Trachycephalus_resinifictrix"
"274","Hylidae","Trachycephalus","Trachycephalus_typhonius","",1,0,1,0,6,4,"Trachycephalus_typhonius"
"275","Hylidae","Triprion","Triprion_petasatus","",1,0,1,0,6,4,"Triprion_petasatus"
"276","Hylidae","Triprion","Triprion_spinosus","",1,0,1,0,6,4,"Triprion_spinosus"
"277","Hylidae","Xenohyla","Xenohyla_truncata","",1,0,1,0,6,4,"Xenohyla_truncata"
"278","Hylodidae","Crossodactylus","Crossodactylus_gaudichaudii","",0,0,1,0,3,2,"Crossodactylus_gaudichaudii"
"279","Hylodidae","Crossodactylus","Crossodactylus_schmidti","",0,0,1,0,3,2,"Crossodactylus_schmidti"
"280","Hylodidae","Hylodes","Hylodes_asper","",0,0,1,0,3,2,"Hylodes_asper"
"281","Hylodidae","Hylodes","Hylodes_meridionalis","",0,0,1,0,3,2,"Hylodes_meridionalis"
"282","Hylodidae","Hylodes","Hylodes_phyllodes","",0,0,1,0,3,2,"Hylodes_phyllodes"
"283","Hylodidae","Megaelosia","Megaelosia_goeldii","",0,0,1,0,3,2,"Megaelosia_goeldii"
"284","Hyperoliidae","Acanthixalus","Acanthixalus_spinosus","",1,0,1,0,6,4,"Acanthixalus_spinosus"
"285","Hyperoliidae","Afrixalus","Afrixalus_delicatus","",1,0,1,0,6,4,"Afrixalus_delicatus"
"286","Hyperoliidae","Afrixalus","Afrixalus_dorsalis","",1,0,1,0,6,4,"Afrixalus_dorsalis"
"287","Hyperoliidae","Hyperolius","Hyperolius_marmoratus","",1,0,1,0,6,4,"Hyperolius_marmoratus"
"288","Hyperoliidae","Hyperolius","Hyperolius_puncticulatus","",1,0,1,0,6,4,"Hyperolius_puncticulatus"
"289","Hyperoliidae","Hyperolius","Hyperolius_pusillus","",1,0,1,0,6,4,"Hyperolius_pusillus"
"290","Hyperoliidae","Hyperolius","Hyperolius_tuberilinguis","",1,0,1,0,6,4,"Hyperolius_tuberilinguis"
"291","Hyperoliidae","Kassina","Kassina_cochranae","",1,0,1,0,6,4,"Kassina_cochranae"
"292","Hyperoliidae","Kassina","Kassina_senegalensis","",1,0,1,0,6,4,"Kassina_senegalensis"
"293","Hyperoliidae","Phlyctimantis","Phlyctimantis_leonardi","",1,0,1,0,6,4,"Phlyctimantis_leonardi"
"294","Hyperoliidae","Phlyctimantis","Phlyctimantis_maculatus","",1,0,1,0,6,4,"Phlyctimantis_maculatus"
"295","Hyperoliidae","Semnodactylus","Semnodactylus_wealii","",1,0,1,0,6,4,"Semnodactylus_wealii"
"296","Hyperoliidae","Tachycnemis","Tachycnemis_seychellensis","",0,0,1,0,3,2,"Tachycnemis_seychellensis"
"297","Leiopelmatidae","Leiopelma","Leiopelma_hochstetteri","",2,1,0,0,7,NA,"Leiopelma_hochstetteri"
"298","Leptodactylidae","Adenomera","Adenomera_hylaedactyla","",2,1,1,0,8,NA,"Adenomera_hylaedactyla"
"299","Leptodactylidae","Adenomera","Adenomera_marmorata","",2,1,1,0,8,NA,"Adenomera_marmorata"
"300","Leptodactylidae","Crossodactylodes","Crossodactylodes_itambe","",1,0,1,0,6,4,"Crossodactylodes_itambe"
"301","Leptodactylidae","Engystomops","Engystomops_petersi","",1,0,1,0,6,4,"Engystomops_petersi"
"302","Leptodactylidae","Engystomops","Engystomops_pustulosus","",1,0,1,0,6,4,"Engystomops_pustulosus"
"303","Leptodactylidae","Leptodactylus","Leptodactylus_flavopictus","",0,0,1,0,3,2,"Leptodactylus_flavopictus"
"304","Leptodactylidae","Leptodactylus","Leptodactylus_fuscus","",1,0,1,0,6,4,"Leptodactylus_fuscus"
"305","Leptodactylidae","Leptodactylus","Leptodactylus_gracilis","",1,0,1,0,6,4,"Leptodactylus_gracilis"
"306","Leptodactylidae","Leptodactylus","Leptodactylus_knudseni","",1,0,1,0,6,4,"Leptodactylus_knudseni"
"307","Leptodactylidae","Leptodactylus","Leptodactylus_latinasus","",1,0,1,0,6,4,"Leptodactylus_latinasus"
"308","Leptodactylidae","Leptodactylus","Leptodactylus_latrans","",1,0,1,0,6,4,"Leptodactylus_latrans"
"309","Leptodactylidae","Leptodactylus","Leptodactylus_lithonaetes","",0,1,1,1,8,2,"Leptodactylus_lithonaetes"
"310","Leptodactylidae","Leptodactylus","Leptodactylus_mystaceus","",1,0,1,0,6,4,"Leptodactylus_mystaceus"
"311","Leptodactylidae","Leptodactylus","Leptodactylus_mystacinus","",1,0,1,0,6,4,"Leptodactylus_mystacinus"
"312","Leptodactylidae","Leptodactylus","Leptodactylus_podicipinus","",1,0,1,0,6,4,"Leptodactylus_podicipinus"
"313","Leptodactylidae","Leptodactylus","Leptodactylus_wagneri","",1,0,1,0,6,4,"Leptodactylus_wagneri"
"314","Leptodactylidae","Paratelmatobius","Paratelmatobius_lutzii","?",1,0,1,0,6,4,NA
"315","Leptodactylidae","Paratelmatobius","Paratelmatobius_mantiqueira","Paratelmatobius_poecilogaster",1,0,1,0,6,4,"Paratelmatobius_poecilogaster"
"316","Leptodactylidae","Physalaemus","Physalaemus_biligonigerus","",1,0,1,0,6,4,"Physalaemus_biligonigerus"
"317","Leptodactylidae","Physalaemus","Physalaemus_cuvieri","",1,0,1,0,6,4,"Physalaemus_cuvieri"
"318","Leptodactylidae","Pleurodema","Pleurodema_borellii","",1,0,1,0,6,4,"Pleurodema_borellii"
"319","Leptodactylidae","Pleurodema","Pleurodema_brachyops","",1,0,1,0,6,4,"Pleurodema_brachyops"
"320","Leptodactylidae","Pleurodema","Pleurodema_bufoninum","",1,0,1,0,6,4,"Pleurodema_bufoninum"
"321","Leptodactylidae","Pleurodema","Pleurodema_cinereum","",1,0,1,0,6,4,"Pleurodema_cinereum"
"322","Leptodactylidae","Pleurodema","Pleurodema_kriegi","",1,0,1,0,6,4,"Pleurodema_kriegi"
"323","Leptodactylidae","Pleurodema","Pleurodema_nebulosum","",1,0,1,0,6,4,"Pleurodema_nebulosum"
"324","Leptodactylidae","Pseudopaludicola","Pseudopaludicola_falcipes","",1,0,1,0,6,4,"Pseudopaludicola_falcipes"
"325","Leptodactylidae","Rupirana","Rupirana_cardosoi","",1,0,1,0,6,4,"Rupirana_cardosoi"
"326","Mantellidae","Aglyptodactylus","Aglyptodactylus_madagascariensis","",1,0,1,0,6,4,"Aglyptodactylus_madagascariensis"
"327","Mantellidae","Blommersia","Blommersia_transmarina","",1,0,1,0,6,4,"Blommersia_transmarina"
"328","Mantellidae","Boophis","Boophis_albilabris","",0,0,1,1,4,2,"Boophis_albilabris"
"329","Mantellidae","Boophis","Boophis_sp.","Boophis_majori",0,0,1,1,4,2,"Boophis_majori"
"330","Mantellidae","Gephyromantis","Gephyromantis_pseudoasper","",0,0,1,0,3,2,"Gephyromantis_pseudoasper"
"331","Mantellidae","Guibemantis","Guibemantis_liber","",1,0,1,0,6,4,"Guibemantis_liber"
"332","Mantellidae","Laliostoma","Laliostoma_labrosum","",1,0,1,0,6,4,"Laliostoma_labrosum"
"333","Mantellidae","Mantella","Mantella_aurantiaca","",1,0,1,0,6,4,"Mantella_aurantiaca"
"334","Mantellidae","Mantidactylus","Mantidactylus_aerumnalis","",0,0,1,0,3,2,"Mantidactylus_aerumnalis"
"335","Mantellidae","Mantidactylus","Mantidactylus_alutus","",1,0,1,0,6,4,"Mantidactylus_alutus"
"336","Mantellidae","Mantidactylus","Mantidactylus_biporus","",1,0,1,0,6,4,"Mantidactylus_biporus"
"337","Mantellidae","Mantidactylus","Mantidactylus_femoralis","",0,0,1,1,4,2,"Mantidactylus_femoralis"
"338","Mantellidae","Mantidactylus","Mantidactylus_guttulatus","",0,0,1,0,3,2,"Mantidactylus_guttulatus"
"339","Mantellidae","Mantidactylus","Mantidactylus_majori","",0,0,0,1,2,1,"Mantidactylus_majori"
"340","Mantellidae","Mantidactylus","Mantidactylus_melanopleura","",0,0,1,0,3,2,"Mantidactylus_melanopleura"
"341","Mantellidae","Mantidactylus","Mantidactylus_opiparis","",0,0,1,0,3,2,"Mantidactylus_opiparis"
"342","Mantellidae","Spinomantis","Spinomantis_fimbriatus","",0,0,1,0,3,2,"Spinomantis_fimbriatus"
"343","Megophryidae","Boulenophrys","Boulenophrys_minor","",0,0,1,0,3,2,"Boulenophrys_minor"
"344","Megophryidae","Leptobrachella","Leptobrachella_gracilis","",0,0,0,1,2,1,"Leptobrachella_gracilis"
"345","Megophryidae","Leptobrachella","Leptobrachella_pelodytoides","",0,0,0,1,2,1,"Leptobrachella_pelodytoides"
"346","Megophryidae","Leptobrachella","Leptobrachella_sp.","Leptobrachella_oshanensis",0,0,0,1,2,1,"Leptobrachella_oshanensis"
"347","Megophryidae","Leptobrachium","Leptobrachium_cf_hasseltii","Leptobrachium_hasseltii",0,0,1,0,3,2,"Leptobrachium_hasseltii"
"348","Megophryidae","Leptobrachium","Leptobrachium_montanum","",0,0,1,0,3,2,"Leptobrachium_montanum"
"349","Megophryidae","Leptobrachium","Leptobrachium_nigrops","",0,0,1,0,3,2,"Leptobrachium_nigrops"
"350","Megophryidae","Megophrys","Megophrys_montana","",0,0,1,0,3,2,"Megophrys_montana"
"351","Megophryidae","Oreolalax","Oreolalax_rhodostigmatus","",1,0,1,0,6,4,"Oreolalax_rhodostigmatus"
"352","Megophryidae","Pelobatrachus","Pelobatrachus_ligayae","",0,0,1,0,3,2,"Pelobatrachus_ligayae"
"353","Megophryidae","Pelobatrachus","Pelobatrachus_nasuta","",0,0,1,0,3,2,"Pelobatrachus_nasuta"
"354","Megophryidae","Pelobatrachus","Pelobatrachus_stejnegeri","",0,0,1,0,3,2,"Pelobatrachus_stejnegeri"
"355","Megophryidae","Scutiger","Scutiger_boulengeri","",0,0,1,0,3,2,"Scutiger_boulengeri"
"356","Megophryidae","Scutiger","Scutiger_chintingensis","",0,0,1,0,3,2,"Scutiger_chintingensis"
"357","Microhylidae","Arcovomer","Arcovomer_passarellii","",1,0,1,0,6,4,"Arcovomer_passarellii"
"358","Microhylidae","Chaperina","Chaperina_fusca","",1,0,1,0,6,4,"Chaperina_fusca"
"359","Microhylidae","Chiasmocleis","Chiasmocleis_antenori","",1,0,1,0,6,4,"Chiasmocleis_antenori"
"360","Microhylidae","Ctenophryne","Ctenophryne_geayi","",1,0,1,0,6,4,"Ctenophryne_geayi"
"361","Microhylidae","Dermatonotus","Dermatonotus_muelleri","",1,0,1,0,6,4,"Dermatonotus_muelleri"
"362","Microhylidae","Dyscophus","Dyscophus_antongilii","",1,0,1,0,6,4,"Dyscophus_antongilii"
"363","Microhylidae","Elachistocleis","Elachistocleis_bicolor","",1,0,1,0,6,4,"Elachistocleis_bicolor"
"364","Microhylidae","Gastrophryne","Gastrophryne_carolinensis","",1,0,1,0,6,4,"Gastrophryne_carolinensis"
"365","Microhylidae","Glyphoglossus","Glyphoglossus_guttulatus","",1,0,1,0,6,4,"Glyphoglossus_guttulatus"
"366","Microhylidae","Glyphoglossus","Glyphoglossus_molossus","",1,0,1,0,6,4,"Glyphoglossus_molossus"
"367","Microhylidae","Hamptophryne","Hamptophryne_alios","",1,0,1,0,6,4,"Hamptophryne_alios"
"368","Microhylidae","Hamptophryne","Hamptophryne_boliviana","",1,0,1,0,6,4,"Hamptophryne_boliviana"
"369","Microhylidae","Hoplophryne","Hoplophryne_rogersi","",1,0,1,0,6,4,"Hoplophryne_rogersi"
"370","Microhylidae","Hoplophryne","Hoplophryne_uluguruensis","",1,0,1,0,6,4,"Hoplophryne_uluguruensis"
"371","Microhylidae","Hypopachus","Hypopachus_barberi","",1,0,1,0,6,4,"Hypopachus_barberi"
"372","Microhylidae","Kalophrynus","Kalophrynus_sinensis","",1,0,1,0,6,4,"Kalophrynus_sinensis"
"373","Microhylidae","Kaloula","Kaloula_pulchra","",1,0,1,0,6,4,"Kaloula_pulchra"
"374","Microhylidae","Microhyla","Microhyla_annamensis","",1,0,1,0,6,4,"Microhyla_annamensis"
"375","Microhylidae","Microhyla","Microhyla_arboricola","",1,0,1,0,6,4,"Microhyla_arboricola"
"376","Microhylidae","Microhyla","Microhyla_borneensis","",1,0,1,0,6,4,"Microhyla_borneensis"
"377","Microhylidae","Microhyla","Microhyla_fissipes","",1,0,1,0,6,4,"Microhyla_fissipes"
"378","Microhylidae","Microhyla","Microhyla_heymonsi","",1,0,1,0,6,4,"Microhyla_heymonsi"
"379","Microhylidae","Microhyla","Microhyla_malang","",1,0,1,0,6,4,"Microhyla_malang"
"380","Microhylidae","Microhyla","Microhyla_minuta","",1,0,1,0,6,4,"Microhyla_minuta"
"381","Microhylidae","Microhyla","Microhyla_ornata","",1,0,1,0,6,4,"Microhyla_ornata"
"382","Microhylidae","Microhyla","Microhyla_pineticola","",1,0,1,0,6,4,"Microhyla_pineticola"
"383","Microhylidae","Micryletta","Micryletta_inornata","",1,0,1,0,6,4,"Micryletta_inornata"
"384","Microhylidae","Otophryne","Otophryne_robusta","",0,0,0,1,2,1,"Otophryne_robusta"
"385","Microhylidae","Otophryne","Otophryne_sp","Otophryne_pyburni",0,0,0,1,2,1,"Otophryne_pyburni"
"386","Microhylidae","Paradoxophyla","Paradoxophyla_palmata","",1,0,1,0,6,4,"Paradoxophyla_palmata"
"387","Microhylidae","Phrynomantis","Phrynomantis_annectens","",1,0,1,0,6,4,"Phrynomantis_annectens"
"388","Microhylidae","Phrynomantis","Phrynomantis_bifasciatus","",1,0,1,0,6,4,"Phrynomantis_bifasciatus"
"389","Microhylidae","Scaphiophryne","Scaphiophryne_calcarata","",1,0,1,0,6,4,"Scaphiophryne_calcarata"
"390","Microhylidae","Scaphiophryne","Scaphiophryne_madagascariensis","",1,0,1,0,6,4,"Scaphiophryne_madagascariensis"
"391","Microhylidae","Scaphiophryne","Scaphiophryne_spinosa","",1,0,1,0,6,4,"Scaphiophryne_spinosa"
"392","Microhylidae","Siamophryne","Siamophryne_troglodytes","",1,0,1,0,6,4,"Siamophryne_troglodytes"
"393","Microhylidae","Stereocyclops","Stereocyclops_incrassatus","",1,0,1,0,6,4,"Stereocyclops_incrassatus"
"394","Myobatrachidae","Crinia","Crinia_insignifera","",1,0,0,0,5,3,"Crinia_insignifera"
"395","Myobatrachidae","Crinia","Crinia_riparia","",0,0,0,0,1,1,"Crinia_riparia"
"396","Myobatrachidae","Crinia","Crinia_signifera","",1,0,0,0,5,3,"Crinia_signifera"
"397","Myobatrachidae","Crinia","Crinia_tasmaniensis","",1,0,0,0,5,3,"Crinia_tasmaniensis"
"398","Myobatrachidae","Heleioporus","Heleioporus_sp.","Heleioporus_australiacus",1,0,1,0,6,4,"Heleioporus_australiacus"
"399","Myobatrachidae","Limnodynastes","Limnodynastes_dumerilii","",1,0,1,0,6,4,"Limnodynastes_dumerilii"
"400","Myobatrachidae","Limnodynastes","Limnodynastes_interioris","",1,0,1,0,6,4,"Limnodynastes_interioris"
"401","Myobatrachidae","Limnodynastes","Limnodynastes_lignarius","",0,0,1,1,4,2,"Limnodynastes_lignarius"
"402","Myobatrachidae","Limnodynastes","Limnodynastes_peronii","",1,0,1,0,6,4,"Limnodynastes_peronii"
"403","Myobatrachidae","Limnodynastes","Limnodynastes_tasmaniensis","",1,0,1,0,6,4,"Limnodynastes_tasmaniensis"
"404","Myobatrachidae","Mixophyes","Mixophyes_balbus","",0,0,1,1,4,2,"Mixophyes_balbus"
"405","Myobatrachidae","Mixophyes","Mixophyes_schevilli","",0,0,1,1,4,2,"Mixophyes_schevilli"
"406","Myobatrachidae","Neobatrachus","Neobatrachus_aquilonius","",1,0,1,0,6,4,"Neobatrachus_aquilonius"
"407","Myobatrachidae","Neobatrachus","Neobatrachus_sudellae","",1,0,1,0,6,4,"Neobatrachus_sudellae"
"408","Myobatrachidae","Neobatrachus","Neobatrachus_wilsmorei","",1,0,1,0,6,4,"Neobatrachus_wilsmorei"
"409","Myobatrachidae","Notaden","Notaden_melanoscaphus","",1,0,1,0,6,4,"Notaden_melanoscaphus"
"410","Myobatrachidae","Notaden","Notaden_nichollsi","",1,0,1,0,6,4,"Notaden_nichollsi"
"411","Myobatrachidae","Platyplectrum","Platyplectrum_ornatum","",1,0,1,0,6,4,"Platyplectrum_ornatum"
"412","Myobatrachidae","Pseudophryne","Pseudophryne_bibronii","",1,0,0,0,5,3,"Pseudophryne_bibronii"
"413","Myobatrachidae","Taudactylus","Taudactylus_diurnus","Taudactylus_acutirostris",0,0,1,0,3,2,"Taudactylus_acutirostris"
"414","Odontobatrachidae","Odontobatrachus","Odontobatrachus_fouta","",0,0,0,1,2,1,"Odontobatrachus_fouta"
"415","Odontobatrachidae","Odontobatrachus","Odontobatrachus_natator","",0,0,0,1,2,1,"Odontobatrachus_natator"
"416","Odontophrynidae","Macrogenioglottus","Macrogenioglottus_alipioi","",1,0,1,0,6,4,"Macrogenioglottus_alipioi"
"417","Odontophrynidae","Odontophrynus","Odontophrynus_americanus","",1,0,1,0,6,4,"Odontophrynus_americanus"
"418","Odontophrynidae","Odontophrynus","Odontophrynus_occidentalis","",1,0,1,0,6,4,"Odontophrynus_occidentalis"
"419","Odontophrynidae","Proceratophrys","Proceratophrys_appendiculata","",0,0,1,0,3,2,"Proceratophrys_appendiculata"
"420","Odontophrynidae","Proceratophrys","Proceratophrys_bigibbosa","",1,0,1,0,6,4,"Proceratophrys_bigibbosa"
"421","Odontophrynidae","Proceratophrys","Proceratophrys_boiei","",0,0,1,0,3,2,"Proceratophrys_boiei"
"422","Odontophrynidae","Proceratophrys","Proceratophrys_brauni","",0,0,1,0,3,2,"Proceratophrys_brauni"
"423","Pelobatidae","Pelobates","Pelobates_cultripes","",1,0,1,0,6,4,"Pelobates_cultripes"
"424","Pelobatidae","Pelobates","Pelobates_fuscus","",1,0,1,0,6,4,"Pelobates_fuscus"
"425","Pelodytidae","Pelodytes","Pelodytes_caucasicus","",1,0,1,0,6,4,"Pelodytes_caucasicus"
"426","Petropedetidae","Arthroleptides","Arthroleptides_martiensseni","",0,1,0,1,7,1,"Arthroleptides_martiensseni"
"427","Petropedetidae","Petropedetes","Petropedetes_perreti","",0,1,1,1,8,2,"Petropedetes_perreti"
"428","Phrynobatrachidae","Phrynobatrachus","Phrynobatrachus_guineensis","",1,0,1,0,6,4,"Phrynobatrachus_guineensis"
"429","Phrynobatrachidae","Phrynobatrachus","Phrynobatrachus_natalensis","",1,0,1,0,6,4,"Phrynobatrachus_natalensis"
"430","Pipidae","Hymenochirus","Hymenochirus_boettgeri","",1,0,1,0,6,4,"Hymenochirus_boettgeri"
"431","Pipidae","Pipa","Pipa_carvalhoi","",1,0,1,0,6,4,"Pipa_carvalhoi"
"432","Pipidae","Pipa","Pipa_myersi","",1,0,1,0,6,4,"Pipa_myersi"
"433","Pipidae","Xenopus","Xenopus_laevis","",1,0,1,0,6,4,"Xenopus_laevis"
"434","Pipidae","Xenopus","Xenopus_tropicalis","",1,0,1,0,6,4,"Xenopus_tropicalis"
"435","Ptychadenidae","Ptychadena","Ptychadena_anchietae","",1,0,1,0,6,4,"Ptychadena_anchietae"
"436","Ptychadenidae","Ptychadena","Ptychadena_mascareniensis","",1,0,1,0,6,4,"Ptychadena_mascareniensis"
"437","Pyxicephalidae","Amietia","Amietia_angolensis","",1,0,1,0,6,4,"Amietia_angolensis"
"438","Pyxicephalidae","Amietia","Amietia_delalandii","",1,0,1,0,6,4,"Amietia_delalandii"
"439","Pyxicephalidae","Amietia","Amietia_fuscigula","",0,0,1,0,3,2,"Amietia_fuscigula"
"440","Pyxicephalidae","Amietia","Amietia_ruwenzorica","",0,0,1,1,4,2,"Amietia_ruwenzorica"
"441","Pyxicephalidae","Amietia","Amietia_vertebralis","",0,0,1,0,3,2,"Amietia_vertebralis"
"442","Pyxicephalidae","Cacosternum","Cacosternum_namaquense","",1,0,1,0,6,4,"Cacosternum_namaquense"
"443","Pyxicephalidae","Natalobatrachus","Natalobatrachus_bonebergi","",0,0,1,0,3,2,"Natalobatrachus_bonebergi"
"444","Pyxicephalidae","Nothophryne","Nothophryne_inagoensis","Nothophryne_broadleyi",0,1,0,1,7,1,"Nothophryne_broadleyi"
"445","Pyxicephalidae","Poyntonia","Poyntonia_paludicola","",1,0,1,0,6,4,"Poyntonia_paludicola"
"446","Pyxicephalidae","Pyxicephalus","Pyxicephalus_adspersus","",1,0,1,0,6,4,"Pyxicephalus_adspersus"
"447","Pyxicephalidae","Strongylopus","Strongylopus_grayii","",1,0,1,0,6,4,"Strongylopus_grayii"
"448","Pyxicephalidae","Tomopterna","Tomopterna_cryptotis","",1,0,1,0,6,4,"Tomopterna_cryptotis"
"449","Pyxicephalidae","Tomopterna","Tomopterna_luganga","",1,0,1,0,6,4,"Tomopterna_luganga"
"450","Ranidae","Amnirana","Amnirana_albolabris","",1,0,1,0,6,4,"Amnirana_albolabris"
"451","Ranidae","Amolops","Amolops_ricketti","",0,0,0,1,2,1,"Amolops_ricketti"
"452","Ranidae","Amolops","Amolops_sp.","Amolops_cremnobatus",0,0,0,1,2,1,"Amolops_cremnobatus"
"453","Ranidae","Chalcorana","Chalcorana_chalconota","",0,0,1,0,3,2,"Chalcorana_chalconota"
"454","Ranidae","Chalcorana","Chalcorana_megalonesa","",1,0,1,0,6,4,"Chalcorana_megalonesa"
"455","Ranidae","Clinotarsus","Clinotarsus_alticola","",0,0,1,0,3,2,"Clinotarsus_alticola"
"456","Ranidae","Clinotarsus","Clinotarsus_penelope","",1,0,1,0,6,4,"Clinotarsus_penelope"
"457","Ranidae","Huia","Huia_cavitympanum","",0,0,0,1,2,1,"Huia_cavitympanum"
"458","Ranidae","Meristogenys","Meristogenys_jerboa","",0,0,0,1,2,1,"Meristogenys_jerboa"
"459","Ranidae","Papurana","Papurana_kreffti","",1,0,1,0,6,4,"Papurana_kreffti"
"460","Ranidae","Pelophylax","Pelophylax_ridibundus","",1,0,1,0,6,4,"Pelophylax_ridibundus"
"461","Ranidae","Pulchrana","Pulchrana_grandocula","",0,0,1,0,3,2,"Pulchrana_grandocula"
"462","Ranidae","Rana","Rana_berlandieri","",1,0,1,0,6,4,"Rana_berlandieri"
"463","Ranidae","Rana","Rana_blairi","",1,0,1,0,6,4,"Rana_blairi"
"464","Ranidae","Rana","Rana_catesbeiana","",1,0,1,0,6,4,"Rana_catesbeiana"
"465","Ranidae","Rana","Rana_chiricahuensis","",1,0,1,0,6,4,"Rana_chiricahuensis"
"466","Ranidae","Rana","Rana_clamitans","",1,0,1,0,6,4,"Rana_clamitans"
"467","Ranidae","Rana","Rana_johnsi","",0,0,1,0,3,2,"Rana_johnsi"
"468","Ranidae","Rana","Rana_juliani","",0,0,1,0,3,2,"Rana_juliani"
"469","Ranidae","Rana","Rana_longicrus","",1,0,1,0,6,4,"Rana_longicrus"
"470","Ranidae","Rana","Rana_maculata","",1,0,1,0,6,4,"Rana_maculata"
"471","Ranidae","Rana","Rana_magnaocularis","",1,0,1,0,6,4,"Rana_magnaocularis"
"472","Ranidae","Rana","Rana_neovolcanica","",1,0,1,0,6,4,"Rana_neovolcanica"
"473","Ranidae","Rana","Rana_omeimontis","",1,0,1,0,6,4,"Rana_omeimontis"
"474","Ranidae","Rana","Rana_palmipes","",1,0,1,0,6,4,"Rana_palmipes"
"475","Ranidae","Rana","Rana_palustris","",1,0,1,0,6,4,"Rana_palustris"
"476","Ranidae","Rana","Rana_pipiens","",1,0,1,0,6,4,"Rana_pipiens"
"477","Ranidae","Rana","Rana_pretiosa","",1,0,1,0,6,4,"Rana_pretiosa"
"478","Ranidae","Rana","Rana_pustulosa","",0,0,1,0,3,2,"Rana_pustulosa"
"479","Ranidae","Rana","Rana_sauteri","",0,0,1,1,4,2,"Rana_sauteri"
"480","Ranidae","Rana","Rana_septentrionalis","",1,0,1,0,6,4,"Rana_septentrionalis"
"481","Ranidae","Rana","Rana_sierramadrensis","",0,0,1,0,3,2,"Rana_sierramadrensis"
"482","Ranidae","Rana","Rana_spectabilis","",1,0,1,0,6,4,"Rana_spectabilis"
"483","Ranidae","Rana","Rana_sphenocephala","",1,0,1,0,6,4,"Rana_sphenocephala"
"484","Ranidae","Rana","Rana_sylvatica","",1,0,1,0,6,4,"Rana_sylvatica"
"485","Ranidae","Rana","Rana_temporaria","",1,0,1,0,6,4,"Rana_temporaria"
"486","Ranidae","Rana","Rana_vaillanti","",1,0,1,0,6,4,"Rana_vaillanti"
"487","Ranidae","Rana","Rana_vibicaria","",1,0,1,0,6,4,"Rana_vibicaria"
"488","Ranidae","Rana","Rana_virgatipes","",1,0,1,0,6,4,"Rana_virgatipes"
"489","Ranidae","Rana","Rana_warszewitschii","",0,0,1,0,3,2,"Rana_warszewitschii"
"490","Ranidae","Rana","Rana_yavapaiensis","",1,0,1,0,6,4,"Rana_yavapaiensis"
"491","Ranidae","Rana","Rana_zweifeli","",1,0,1,0,6,4,"Rana_zweifeli"
"492","Ranidae","Sanguirana","Sanguirana_mearnsi","",0,0,1,0,3,2,"Sanguirana_mearnsi"
"493","Ranidae","Staurois","Staurois_parvus","",0,0,1,1,4,2,"Staurois_parvus"
"494","Ranidae","Sylvirana","Sylvirana_maosonensis","",1,0,1,0,6,4,"Sylvirana_maosonensis"
"495","Ranidae","Sylvirana","Sylvirana_nigrovittata","",0,0,1,0,3,2,"Sylvirana_nigrovittata"
"496","Ranidae","Wijayarana","Wijayarana_melasma","",0,0,0,1,2,1,"Wijayarana_melasma"
"497","Ranixalidae","Indirana","Indirana_beddomii","",0,1,0,1,7,1,"Indirana_beddomii"
"498","Rhacophoridae","Buergeria","Buergeria_japonica","",0,0,1,0,3,2,"Buergeria_japonica"
"499","Rhacophoridae","Chirixalus","Chirixalus_sp.","?",NA,NA,1,0,NA,NA,NA
"500","Rhacophoridae","Chiromantis","Chiromantis_nongkhorensis","",1,0,1,0,6,4,"Chiromantis_nongkhorensis"
"501","Rhacophoridae","Chiromantis","Chiromantis_xerampelina","",1,0,1,0,6,4,"Chiromantis_xerampelina"
"502","Rhacophoridae","Feihyla","Feihyla_kajau","",1,0,1,0,6,4,"Feihyla_kajau"
"503","Rhacophoridae","Kurixalus","Kurixalus_appendiculatus","",1,0,1,0,6,4,"Kurixalus_appendiculatus"
"504","Rhacophoridae","Leptomantis","Leptomantis_angulirostris","",0,0,1,1,4,2,"Leptomantis_angulirostris"
"505","Rhacophoridae","Leptomantis","Leptomantis_fasciatus","",1,0,1,0,6,4,"Leptomantis_fasciatus"
"506","Rhacophoridae","Leptomantis","Leptomantis_penanorum","",0,0,1,1,4,2,"Leptomantis_penanorum"
"507","Rhacophoridae","Nyctixalus","Nyctixalus_pictus","",1,0,1,0,6,4,"Nyctixalus_pictus"
"508","Rhacophoridae","Nyctixalus","Nyctixalus_spinosum","",1,0,1,0,6,4,"Nyctixalus_spinosum"
"509","Rhacophoridae","Philautus","Philautus_sp.","Philautus_hosii",1,0,1,0,6,4,"Philautus_hosii"
"510","Rhacophoridae","Polypedates","Polypedates_leucomystax","",1,0,1,0,6,4,"Polypedates_leucomystax"
"511","Rhacophoridae","Rhacophorus","Rhacophorus_baluensis","",1,0,1,0,6,4,"Rhacophorus_baluensis"
"512","Rhacophoridae","Rhacophorus","Rhacophorus_pardalis","",1,0,1,0,6,4,"Rhacophorus_pardalis"
"513","Rhacophoridae","Theloderma","Theloderma_horridum","",1,0,1,0,6,4,"Theloderma_horridum"
"514","Rhacophoridae","Theloderma","Theloderma_leporosum","",1,0,1,0,6,4,"Theloderma_leporosum"
"515","Rhacophoridae","Zhangixalus","Zhangixalus_dulitensis","",1,0,1,0,6,4,"Zhangixalus_dulitensis"
"516","Rhacophoridae","Zhangixalus","Zhangixalus_moltrechti","",1,0,1,0,6,4,"Zhangixalus_moltrechti"
"517","Rhinophrynidae","Rhinophrynus","Rhinophrynus_dorsalis","",1,0,1,0,6,4,"Rhinophrynus_dorsalis"
"518","Scaphiopodidae","Scaphiopus","Scaphiopus_holbrookii","",1,0,1,0,6,4,"Scaphiopus_holbrookii"
"519","Scaphiopodidae","Spea","Spea_bombifrons","",1,0,1,0,6,4,"Spea_bombifrons"
"520","Scaphiopodidae","Spea","Spea_hammondii","",1,0,1,0,6,4,"Spea_hammondii"
"521","Scaphiopodidae","Spea","Spea_intermontana","",1,0,1,0,6,4,"Spea_intermontana"
"522","Scaphiopodidae","Spea","Spea_multiplicata","",1,0,1,0,6,4,"Spea_multiplicata"
"523","Sooglossidae","Sooglossus","Sooglossus_sechellensis","",2,1,0,0,7,NA,"Sooglossus_sechellensis"
"524","Telmatobiidae","Telmatobius","Telmatobius_arequipensis","?",0,0,1,0,3,2,NA
"525","Telmatobiidae","Telmatobius","Telmatobius_atahualpai","Telmatobius_verrucosus",0,0,1,1,4,2,"Telmatobius_verrucosus"
"526","Telmatobiidae","Telmatobius","Telmatobius_jelskii","?",0,0,1,0,3,2,NA
"527","Telmatobiidae","Telmatobius","Telmatobius_macrostomus","",1,0,1,0,6,4,"Telmatobius_macrostomus"
"528","Telmatobiidae","Telmatobius","Telmatobius_marmoratus","",1,0,1,0,6,4,"Telmatobius_marmoratus"
"529","Telmatobiidae","Telmatobius","Telmatobius_peruvianus","",0,0,1,0,3,2,"Telmatobius_peruvianus"
