"","Family","Genus","Taxa","Portik","guild","ecology","lung","Spec_lotic","six_state","state","tree_names"
"1","Allophrynidae","Allophryne","Allophryne_ruthveni","","lentic",1,"1",0,6,4,"Allophryne_ruthveni"
"2","Alsodidae","Alsodes","Alsodes_monticola","","lentic, benthic",1,"1",0,6,4,"Alsodes_monticola"
"3","Alsodidae","Alsodes","Alsodes_neuquensis","","lentic, benthic",1,"1",0,6,4,"Alsodes_neuquensis"
"4","Alsodidae","Alsodes","Alsodes_nodosus","","lotic",0,"1",0,3,2,"Alsodes_nodosus"
"6","Alsodidae","Limnomedusa","Limnomedusa_macroglossa","","lentic",1,"1",0,6,4,"Limnomedusa_macroglossa"
"7","Alytidae","Alytes","Alytes_dickhilleni","","lentic",1,"1",0,6,4,"Alytes_dickhilleni"
"8","Alytidae","Alytes","Alytes_obstetricans","","lentic, benthic",1,"1",0,6,4,"Alytes_obstetricans"
"9","Alytidae","Discoglossus","Discoglossus_galganoi","","lentic, benthic",1,"1",0,6,4,"Discoglossus_galganoi"
"10","Alytidae","Discoglossus","Discoglossus_pictus","","lentic, benthic",1,"1",0,6,4,"Discoglossus_pictus"
"14","Arthroleptidae","Astylosternus","Astylosternus_rheophilus","","lotic, clasping",0,"1",0,3,2,"Astylosternus_rheophilus"
"15","Arthroleptidae","Cardioglossa","Cardioglossa_manengouba","","lotic, fossorial",0,"0",1,2,1,"Cardioglossa_manengouba"
"16","Arthroleptidae","Cardioglossa","Cardioglossa_sp.","Cardioglossa_schioetzi","lotic, fossorial",0,"0",1,2,1,"Cardioglossa_schioetzi"
"17","Arthroleptidae","Leptodactylodon","Leptodactylodon_bicolor","","lotic, fossorial",0,"1",1,4,2,"Leptodactylodon_bicolor"
"18","Arthroleptidae","Leptodactylodon","Leptodactylodon_boulengeri","","lotic, fossorial",0,"0",1,2,1,"Leptodactylodon_boulengeri"
"19","Arthroleptidae","Leptodactylodon","Leptodactylodon_mertensi","","lotic, fossorial",0,"1",1,4,2,"Leptodactylodon_mertensi"
"21","Arthroleptidae","Leptopelis","Leptopelis_boulengeri","","lotic",0,"1",0,3,2,"Leptopelis_boulengeri"
"23","Arthroleptidae","Leptopelis","Leptopelis_natalensis","","lotic",0,"1",0,3,2,"Leptopelis_natalensis"
"26","Arthroleptidae","Leptopelis","Leptopelis_vermiculatus","","lentic, benthic",1,"1",0,6,4,"Leptopelis_vermiculatus"
"32","Arthroleptidae","Trichobatrachus","Trichobatrachus_robustus","","lotic, suctorial",0,"1",1,4,2,"Trichobatrachus_robustus"
"33","Ascaphidae","Ascaphus","Ascaphus_montanus","","lotic, suctorial",0,"0",1,2,1,"Ascaphus_montanus"
"34","Ascaphidae","Ascaphus","Ascaphus_truei","","lotic, suctorial",0,"0",1,2,1,"Ascaphus_truei"
"35","Batrachylidae","Atelognathus","Atelognathus_reverberii","","lentic, benthic",1,"1",0,6,4,"Atelognathus_reverberii"
"36","Batrachylidae","Batrachyla","Batrachyla_taeniata","","lentic, benthic",1,"1",0,6,4,"Batrachyla_taeniata"
"38","Batrachylidae","Hylorina","Hylorina_sylvatica","","lentic, benthic",1,"1",0,6,4,"Hylorina_sylvatica"
"40","Bombinatoridae","Bombina","Bombina_maxima","","lentic, benthic",1,"1",0,6,4,"Bombina_maxima"
"41","Bombinatoridae","Bombina","Bombina_orientalis","","lentic, benthic",1,"1",0,6,4,"Bombina_orientalis"
"42","Bombinatoridae","Bombina","Bombina_variegata","","lentic, benthic",1,"1",0,6,4,"Bombina_variegata"
"52","Bufonidae","Amazophrynella","Amazophrynella_minuta","","lentic, benthic",1,"0",0,5,3,"Amazophrynella_minuta"
"53","Bufonidae","Anaxyrus","Anaxyrus_americanus","","lentic, benthic",1,"0",0,5,3,"Anaxyrus_americanus"
"54","Bufonidae","Anaxyrus","Anaxyrus_terrestris","","lentic, benthic",1,"0",0,5,3,"Anaxyrus_terrestris"
"55","Bufonidae","Anaxyrus","Anaxyrus_woodhousii","","lentic, benthic",1,"0",0,5,3,"Anaxyrus_woodhousii"
"56","Bufonidae","Ansonia","Ansonia_echinata","?","lotic, suctorial",0,"0",1,2,1,NA
"57","Bufonidae","Ansonia","Ansonia_hanitschi","","lotic, suctorial",0,"0",1,2,1,"Ansonia_hanitschi"
"58","Bufonidae","Ansonia","Ansonia_mcgregori","","lotic, suctorial",0,"0",1,2,1,"Ansonia_mcgregori"
"59","Bufonidae","Atelopus","Atelopus_nanay","","lotic, gastromyzophorous",0,"0",1,2,1,"Atelopus_nanay"
"60","Bufonidae","Atelopus","Atelopus_tricolor","","lotic, gastromyzophorous",0,"0",1,2,1,"Atelopus_tricolor"
"62","Bufonidae","Barbarophryne","Barbarophryne_brongersmai","","lentic, benthic",1,"0",0,5,3,"Barbarophryne_brongersmai"
"65","Bufonidae","Bufo","Bufo_bufo","","lentic, benthic",1,"0",0,5,3,"Bufo_bufo"
"67","Bufonidae","Bufo","Bufo_torrenticola","","lotic, suctorial",0,"0",1,2,1,"Bufo_torrenticola"
"70","Bufonidae","Capensibufo","Capensibufo_tradouwi","","Lentic, benthic",1,"0",0,5,3,"Capensibufo_tradouwi"
"72","Bufonidae","Dendrophryniscus","Dendrophryniscus_brevipollicatus","","Lentic, benthic",1,"0",0,5,3,"Dendrophryniscus_brevipollicatus"
"75","Bufonidae","Duttaphrynus","Duttaphrynus_melanostictus","","lentic",1,"0",0,5,3,"Duttaphrynus_melanostictus"
"76","Bufonidae","Duttaphrynus","Duttaphrynus_stomaticus","","lentic, benthic",1,"0",0,5,3,"Duttaphrynus_stomaticus"
"81","Bufonidae","Incilius","Incilius_aucoinae","","lotic",0,"0",0,1,1,"Incilius_aucoinae"
"82","Bufonidae","Incilius","Incilius_coccifer","","lentic, benthic",1,"0",0,5,3,"Incilius_coccifer"
"83","Bufonidae","Incilius","Incilius_coniferus","","lentic, benthic",1,"0",0,5,3,"Incilius_coniferus"
"84","Bufonidae","Ingerophrynus","Ingerophrynus_parvus","","lentic",1,"0",0,5,3,"Ingerophrynus_parvus"
"87","Bufonidae","Melanophryniscus","Melanophryniscus_moreirae","","lentic, arboreal",1,"0",0,5,3,"Melanophryniscus_moreirae"
"88","Bufonidae","Melanophryniscus","Melanophryniscus_pachyrhynus","","lotic",0,"0",0,1,1,"Melanophryniscus_pachyrhynus"
"89","Bufonidae","Melanophryniscus","Melanophryniscus_setiba","","lentic",1,"-",0,NA,NA,"Melanophryniscus_setiba"
"90","Bufonidae","Mertensophryne","Mertensophryne_micranotis","","lentic, arboreal",1,"0",0,5,3,"Mertensophryne_micranotis"
"92","Bufonidae","Nannophryne","Nannophryne_cophotis","","lentic",1,"0",0,5,3,"Nannophryne_cophotis"
"101","Bufonidae","Peltophryne","Peltophryne_lemur","","lentic",1,"0",0,5,3,"Peltophryne_lemur"
"102","Bufonidae","Peltophryne","Peltophryne_peltocephala","","lentic, benthic",1,"0",0,5,3,"Peltophryne_peltocephala"
"103","Bufonidae","Phrynoidis","Phrynoidis_asper","","lotic, suctorial",0,"0",1,2,1,"Phrynoidis_asper"
"106","Bufonidae","Rentapia","Rentapia_hosii","","lotic",0,"0",0,1,1,"Rentapia_hosii"
"107","Bufonidae","Rhaebo","Rhaebo_caeruleostictus","?","lentic",1,"0",0,5,3,NA
"108","Bufonidae","Rhaebo","Rhaebo_glaberrimus","","lotic",0,"0",0,1,1,"Rhaebo_glaberrimus"
"112","Bufonidae","Rhinella","Rhinella_acutirostris","","lentic, benthic",1,"0",0,5,3,"Rhinella_acutirostris"
"114","Bufonidae","Rhinella","Rhinella_arenarum","","lentic, benthic",1,"0",0,5,3,"Rhinella_arenarum"
"116","Bufonidae","Rhinella","Rhinella_castaneotica","","lentic, arboreal",1,"0",0,5,3,"Rhinella_castaneotica"
"117","Bufonidae","Rhinella","Rhinella_chrysophora","?","lotic, gastromyzophorous",0,"0",1,2,1,NA
"118","Bufonidae","Rhinella","Rhinella_crucifer","","lentic",1,"0",0,5,3,"Rhinella_crucifer"
"119","Bufonidae","Rhinella","Rhinella_granulosa","","lentic, benthic",1,"0",0,5,3,"Rhinella_granulosa"
"120","Bufonidae","Rhinella","Rhinella_icterica","","lentic",1,"0",0,5,3,"Rhinella_icterica"
"121","Bufonidae","Rhinella","Rhinella_jimi","Rhinella_horribilis","lentic, benthic",1,"0",0,5,3,"Rhinella_horribilis"
"122","Bufonidae","Rhinella","Rhinella_marina","","lentic, benthic",1,"0",0,5,3,"Rhinella_marina"
"123","Bufonidae","Rhinella","Rhinella_schneideri","","lentic",1,"0",0,5,3,"Rhinella_schneideri"
"128","Bufonidae","Schismaderma","Schismaderma_carens","","lentic, nektonic",1,"0",0,5,3,"Schismaderma_carens"
"129","Bufonidae","Sclerophrys","Sclerophrys_capensis","","lentic",1,"0",0,5,3,"Sclerophrys_capensis"
"130","Bufonidae","Sclerophrys","Sclerophrys_garmani","","lentic",1,"0",0,5,3,"Sclerophrys_garmani"
"131","Bufonidae","Sclerophrys","Sclerophrys_gutturalis","","lentic",1,"0",0,5,3,"Sclerophrys_gutturalis"
"132","Bufonidae","Sclerophrys","Sclerophrys_lemairii","","lentic",1,"0",0,5,3,"Sclerophrys_lemairii"
"133","Bufonidae","Sclerophrys","Sclerophrys_pardalis","","lentic",1,"0",0,5,3,"Sclerophrys_pardalis"
"135","Bufonidae","Sclerophrys","Sclerophrys_poweri","","lentic",1,"0",0,5,3,"Sclerophrys_poweri"
"136","Bufonidae","Sclerophrys","Sclerophrys_pusilla","","lentic",1,"0",0,5,3,"Sclerophrys_pusilla"
"138","Bufonidae","Strauchbufo","Strauchbufo_raddei","","lentic",1,"0",0,5,3,"Strauchbufo_raddei"
"140","Bufonidae","Vandijkophrynus","Vandijkophrynus_amatolicus","","lentic",1,"0",0,5,3,"Vandijkophrynus_amatolicus"
"141","Bufonidae","Vandijkophrynus","Vandijkophrynus_angusticeps","","lentic",1,"0",0,5,3,"Vandijkophrynus_angusticeps"
"142","Bufonidae","Vandijkophrynus","Vandijkophrynus_gariepensis","","lentic",1,"0",0,5,3,"Vandijkophrynus_gariepensis"
"146","Calyptocephalellidae","Calyptocephalella","Calyptocephalella_gayi","","lentic, benthic",1,"1",0,6,4,"Calyptocephalella_gayi"
"149","Centrolenidae","Centrolene","Centrolene_geckoideum","","lotic, fossorial",0,"0",1,2,1,"Centrolene_geckoideum"
"150","Centrolenidae","Centrolene","Centrolene_quindianum","Centrolene_altitudinalis","lotic, fossorial",0,"1",1,4,2,"Centrolene_altitudinalis"
"152","Centrolenidae","Cochranella","Cochranella_granulosa","","lotic, fossorial",0,"1",1,4,2,"Cochranella_granulosa"
"153","Centrolenidae","Espadarana","Espadarana_prosoblepon","","lotic, fossorial",0,"1",1,4,2,"Espadarana_prosoblepon"
"154","Centrolenidae","Hyalinobatrachium","Hyalinobatrachium_chirripoi","","lotic, fossorial",0,"1",1,4,2,"Hyalinobatrachium_chirripoi"
"155","Centrolenidae","Hyalinobatrachium","Hyalinobatrachium_fleischmanni","","lotic, fossorial",0,"0",1,2,1,"Hyalinobatrachium_fleischmanni"
"156","Centrolenidae","Hyalinobatrachium","Hyalinobatrachium_tricolor","","lotic, fossorial",0,"1",1,4,2,"Hyalinobatrachium_tricolor"
"157","Centrolenidae","Ikakogi","Ikakogi_ispacue","","lotic, fossorial",0,"0",1,2,1,"Ikakogi_ispacue"
"158","Centrolenidae","Ikakogi","Ikakogi_tayrona","","lotic, fossorial",0,"0",1,2,1,"Ikakogi_tayrona"
"159","Centrolenidae","Nymphargus","Nymphargus_griffithsi","","lotic, fossorial",0,"1",1,4,2,"Nymphargus_griffithsi"
"163","Centrolenidae","Vitreorana","Vitreorana_uranoscopa","","lotic, fossorial",0,"1",1,4,2,"Vitreorana_uranoscopa"
"168","Ceratophryidae","Ceratophrys","Ceratophrys_aurita","","lentic, benthic",1,"1",0,6,4,"Ceratophrys_aurita"
"169","Ceratophryidae","Ceratophrys","Ceratophrys_calcarata","","lentic",1,"1",0,6,4,"Ceratophrys_calcarata"
"170","Ceratophryidae","Ceratophrys","Ceratophrys_ornata","","lentic, benthic",1,"1",0,6,4,"Ceratophrys_ornata"
"172","Ceratophryidae","Chacophrys","Chacophrys_pierottii","","lentic, benthic",1,"1",0,6,4,"Chacophrys_pierottii"
"173","Ceratophryidae","Lepidobatrachus","Lepidobatrachus_laevis","","lentic, carnivore",1,"1",0,6,4,"Lepidobatrachus_laevis"
"175","Conrauidae","Conraua","Conraua_robusta","","lotic, suctorial",0,"1",1,4,2,"Conraua_robusta"
"179","Cycloramphidae","Cycloramphus","Cycloramphus_boraceiensis","","lotic, semiterrestrial",0,"1",1,4,2,"Cycloramphus_boraceiensis"
"180","Cycloramphidae","Cycloramphus","Cycloramphus_fuliginosus","","lotic, semiterrestrial",0,"1",1,4,2,"Cycloramphus_fuliginosus"
"181","Cycloramphidae","Cycloramphus","Cycloramphus_izecksohni","","lotic, semiterrestrial",0,"1",1,4,2,"Cycloramphus_izecksohni"
"183","Cycloramphidae","Thoropa","Thoropa_megatympanum","","lotic, semiterrestrial",0,"1",1,4,2,"Thoropa_megatympanum"
"184","Cycloramphidae","Thoropa","Thoropa_miliaris","","lotic, semiterrestrial",0,"1",1,4,2,"Thoropa_miliaris"
"185","Cycloramphidae","Thoropa","Thoropa_petropolitana","?","lotic, semiterrestrial",0,"0",1,2,1,NA
"186","Cycloramphidae","Thoropa","Thoropa_taophora","","lotic, semiterrestrial",0,"0",1,2,1,"Thoropa_taophora"
"188","Dendrobatidae","Adelphobates","Adelphobates_galactonotus","","lentic, arboreal",1,"1",0,6,4,"Adelphobates_galactonotus"
"189","Dendrobatidae","Adelphobates","Adelphobates_quinquevittatus","","lentic",1,"1",0,6,4,"Adelphobates_quinquevittatus"
"191","Dendrobatidae","Allobates","Allobates_insperatus","","lentic",1,"1",0,6,4,"Allobates_insperatus"
"193","Dendrobatidae","Ameerega","Ameerega_trivittata","","lentic",1,"1",0,6,4,"Ameerega_trivittata"
"194","Dendrobatidae","Andinobates","Andinobates_bombetes","","lentic, arboreal",1,"1",0,6,4,"Andinobates_bombetes"
"196","Dendrobatidae","Anomaloglossus","Anomaloglossus_tepuyensis","","lotic",0,"1",0,3,2,"Anomaloglossus_tepuyensis"
"197","Dendrobatidae","Aromobates","Aromobates_mayorgai","Aromobates_meridensis","lotic, sidepools",0,"1",0,3,2,"Aromobates_meridensis"
"198","Dendrobatidae","Aromobates","Aromobates_saltuensis","","lotic",0,"1",0,3,2,"Aromobates_saltuensis"
"200","Dendrobatidae","Colostethus","Colostethus_imbricolus","","lentic",1,"1",0,6,4,"Colostethus_imbricolus"
"201","Dendrobatidae","Dendrobates","Dendrobates_tinctorius","","lentic, arboreal",1,"1",0,6,4,"Dendrobates_tinctorius"
"202","Dendrobatidae","Dendrobates","Dendrobates_truncatus","","lentic, arboreal",1,"1",0,6,4,"Dendrobates_truncatus"
"204","Dendrobatidae","Epipedobates","Epipedobates_boulengeri","","lentic",1,"1",0,6,4,"Epipedobates_boulengeri"
"205","Dendrobatidae","Epipedobates","Epipedobates_tricolor","","lentic",1,"1",0,6,4,"Epipedobates_tricolor"
"206","Dendrobatidae","Excidobates","Excidobates_condor","","lentic, arboreal",1,"1",0,6,4,"Excidobates_condor"
"207","Dendrobatidae","Hyloxalus","Hyloxalus_subpunctatus","","lentic",1,"1",0,6,4,"Hyloxalus_subpunctatus"
"208","Dendrobatidae","Leucostethus","Leucostethus_fraterdanieli","Colostethus_fraterdanieli","lentic",1,"1",0,6,4,"Colostethus_fraterdanieli"
"209","Dendrobatidae","Mannophryne","Mannophryne_herminae","","lentic, benthic",1,"1",0,6,4,"Mannophryne_herminae"
"210","Dendrobatidae","Mannophryne","Mannophryne_trinitatis","","lentic",1,"1",0,6,4,"Mannophryne_trinitatis"
"211","Dendrobatidae","Minyobates","Minyobates_steyermarki","","lentic, benthic",1,"1",0,6,4,"Minyobates_steyermarki"
"212","Dendrobatidae","Oophaga","Oophaga_pumilio","","lentic, arboreal",1,"1",0,6,4,"Oophaga_pumilio"
"213","Dendrobatidae","Paruwrobates","Hyloxalus_whymperi","Ameerega_erythromos","lentic",1,"1",0,6,4,"Ameerega_erythromos"
"214","Dendrobatidae","Phyllobates","Phyllobates_aurotaenia","","lentic",1,"1",0,6,4,"Phyllobates_aurotaenia"
"215","Dendrobatidae","Phyllobates","Phyllobates_bicolor","","lentic",1,"1",0,6,4,"Phyllobates_bicolor"
"216","Dendrobatidae","Ranitomeya","Ranitomeya_defleri","","lentic, arboreal",1,"1",0,6,4,"Ranitomeya_defleri"
"217","Dendrobatidae","Rheobates","Rheobates_palmatus","","lotic",0,"1",0,3,2,"Rheobates_palmatus"
"218","Dendrobatidae","Silverstoneia","Silverstoneia_flotator","","lotic, neustonic",0,"1",0,3,2,"Silverstoneia_flotator"
"221","Dicroglossidae","Euphlyctis","Euphlyctis_cyanophlyctis","","lentic",1,"1",0,6,4,"Euphlyctis_cyanophlyctis"
"222","Dicroglossidae","Fejervarya","Fejervarya_cancrivora","","lentic",1,"1",0,6,4,"Fejervarya_cancrivora"
"223","Dicroglossidae","Fejervarya","Fejervarya_limnocharis","","lentic",1,"1",0,6,4,"Fejervarya_limnocharis"
"224","Dicroglossidae","Hoplobatrachus","Hoplobatrachus_occipitalis","","lentic",1,"1",0,6,4,"Hoplobatrachus_occipitalis"
"225","Dicroglossidae","Hoplobatrachus","Hoplobatrachus_tigerinus","","lentic",1,"1",0,6,4,"Hoplobatrachus_tigerinus"
"227","Dicroglossidae","Limnonectes","Limnonectes_kuhlii","","lentic, benthic",1,"1",0,6,4,"Limnonectes_kuhlii"
"229","Dicroglossidae","Limnonectes","Limnonectes_macrocephalus","","lentic",1,"1",0,6,4,"Limnonectes_macrocephalus"
"230","Dicroglossidae","Limnonectes","Limnonectes_magnus","","lotic, sidepools",0,"1",0,3,2,"Limnonectes_magnus"
"231","Dicroglossidae","Limnonectes","Limnonectes_palavanensis","","lentic, arboreal",1,"1",0,6,4,"Limnonectes_palavanensis"
"233","Dicroglossidae","Minervarya","Minervarya_syhadrensis","","lentic",1,"1",0,6,4,"Minervarya_syhadrensis"
"236","Dicroglossidae","Occidozyga","Occidozyga_laevis","Occidozyga_lima","lentic",1,"1",0,6,4,"Occidozyga_lima"
"238","Dicroglossidae","Quasipaa","Quasipaa_exilispinosa","","lotic",0,"1",0,3,2,"Quasipaa_exilispinosa"
"239","Dicroglossidae","Sphaerotheca","Sphaerotheca_breviceps","","lentic",1,"1",0,6,4,"Sphaerotheca_breviceps"
"244","Heleophrynidae","Hadromophryne","Hadromophryne_natalensis","","lotic, suctorial",0,"1",1,4,2,"Hadromophryne_natalensis"
"245","Heleophrynidae","Heleophryne","Heleophryne_hewitti","?","lotic, suctorial",0,"0",1,2,1,NA
"246","Heleophrynidae","Heleophryne","Heleophryne_purcelli","","lotic, suctorial",0,"0",1,2,1,"Heleophryne_purcelli"
"247","Heleophrynidae","Heleophryne","Heleophryne_regis","","lotic, suctorial",0,"0",1,2,1,"Heleophryne_regis"
"248","Heleophrynidae","Heleophryne","Heleophryne_rosei","?","lotic, suctorial",0,"0",1,2,1,NA
"251","Hemiphractidae","Flectonotus","Flectonotus_sp.","Flectonotus_pygmaeus","lentic, arboreal",1,"1",0,6,4,"Flectonotus_pygmaeus"
"252","Hemiphractidae","Fritziana","Fritziana_sp.","Fritziana_fissilis","lentic, arboreal",1,"1",0,6,4,"Fritziana_fissilis"
"254","Hemiphractidae","Gastrotheca","Gastrotheca_monticola","","lentic, arboreal",1,"1",0,6,4,"Gastrotheca_monticola"
"255","Hemiphractidae","Gastrotheca","Gastrotheca_riobambae","","lentic",1,"1",0,6,4,"Gastrotheca_riobambae"
"259","Hemisotidae","Hemisus","Hemisus_guttatus","","lentic, nektonic",1,"1",0,6,4,"Hemisus_guttatus"
"260","Hemisotidae","Hemisus","Hemisus_marmoratus","","lentic, nektonic",1,"1",0,6,4,"Hemisus_marmoratus"
"261","Hylidae","Acris","Acris_crepitans","","lentic, benthic",1,"1",0,6,4,"Acris_crepitans"
"262","Hylidae","Agalychnis","Agalychnis_callidryas","","lentic, nektonic",1,"1",0,6,4,"Agalychnis_callidryas"
"263","Hylidae","Agalychnis","Agalychnis_moreletii","","lentic, nektonic",1,"1",0,6,4,"Agalychnis_moreletii"
"264","Hylidae","Triprion","Triprion_spinosus","","lentic, arboreal",1,"1",0,6,4,"Triprion_spinosus"
"265","Hylidae","Aparasphenodon","Aparasphenodon_brunoi","","lentic",1,"1",0,6,4,"Aparasphenodon_brunoi"
"266","Hylidae","Aplastodiscus","Aplastodiscus_perviridis","","lentic, benthic",1,"1",0,6,4,"Aplastodiscus_perviridis"
"269","Hylidae","Boana","Boana_boans","","lotic",0,"1",0,3,2,"Boana_boans"
"270","Hylidae","Boana","Boana_cordobae","","lotic",0,"1",0,3,2,"Boana_cordobae"
"271","Hylidae","Boana","Boana_geographica","","lentic, benthic",1,"1",0,6,4,"Boana_geographica"
"272","Hylidae","Boana","Boana_heilprini","","lotic",0,"1",0,3,2,"Boana_heilprini"
"273","Hylidae","Bokermannohyla","Bokermannohyla_claresignata","","lotic",0,"1",0,3,2,"Bokermannohyla_claresignata"
"274","Hylidae","Bromeliohyla","Bromeliohyla_bromeliacia","","lentic, arboreal",1,"1",0,6,4,"Bromeliohyla_bromeliacia"
"275","Hylidae","Bromeliohyla","Bromeliohyla_dendroscarta","Bromeliohyla_melacaena","lentic, arboreal",1,"1",0,6,4,"Bromeliohyla_melacaena"
"276","Hylidae","Charadrahyla","Charadrahyla_altipotens","Charadrahyla_taeniopus","lotic",0,"1",0,3,2,"Charadrahyla_taeniopus"
"279","Hylidae","Cruziohyla","Cruziohyla_sylviae","","lentic, nektonic",1,"1",0,6,4,"Cruziohyla_sylviae"
"280","Hylidae","Cyclorana","Cyclorana_australis","","lentic",1,"1",0,6,4,"Cyclorana_australis"
"281","Hylidae","Cyclorana","Cyclorana_longipes","","lentic, benthic",1,"1",0,6,4,"Cyclorana_longipes"
"282","Hylidae","Dendropsophus","Dendropsophus_ebraccatus","","lentic",1,"1",0,6,4,"Dendropsophus_ebraccatus"
"283","Hylidae","Dendropsophus","Dendropsophus_labialis","","lentic, arboreal",1,"1",0,6,4,"Dendropsophus_labialis"
"284","Hylidae","Dendropsophus","Dendropsophus_marmoratus","","lentic",1,"1",0,6,4,"Dendropsophus_marmoratus"
"287","Hylidae","Duellmanohyla","Duellmanohyla_ignicolor","?","lotic",0,"1",0,3,2,NA
"288","Hylidae","Duellmanohyla","Duellmanohyla_rufioculis","","lotic",0,"1",0,3,2,"Duellmanohyla_rufioculis"
"289","Hylidae","Duellmanohyla","Duellmanohyla_salvavida","","lotic",0,"1",0,3,2,"Duellmanohyla_salvavida"
"290","Hylidae","Duellmanohyla","Duellmanohyla_schmidtorum","?","lotic",0,"1",0,3,2,NA
"291","Hylidae","Duellmanohyla","Duellmanohyla_soralia","","lotic, neustonic",0,"1",0,3,2,"Duellmanohyla_soralia"
"292","Hylidae","Duellmanohyla","Duellmanohyla_uranochroa","","lotic",0,"1",0,3,2,"Duellmanohyla_uranochroa"
"293","Hylidae","Ecnomiohyla","Ecnomiohyla_miotympanum","","lotic",0,"1",0,3,2,"Ecnomiohyla_miotympanum"
"294","Hylidae","Ecnomiohyla","Ecnomiohyla_salvaje","Ecnomiohyla_minera","lentic, arboreal",1,"1",0,6,4,"Ecnomiohyla_minera"
"295","Hylidae","Exerodonta","Exerodonta_melanomma","","lotic",0,"1",0,3,2,"Exerodonta_melanomma"
"296","Hylidae","Hyla","Hyla_annectans","","lentic",1,"1",0,6,4,"Hyla_annectans"
"297","Hylidae","Hyla","Hyla_chrysoscelis","","lentic",1,"1",0,6,4,"Hyla_chrysoscelis"
"298","Hylidae","Hyla","Hyla_cinerea","","lentic",1,"1",0,6,4,"Hyla_cinerea"
"299","Hylidae","Hyla","Hyla_immaculata","","lentic",1,"1",0,6,4,"Hyla_immaculata"
"302","Hylidae","Hyla","Hyla_squirella","","lentic",1,"1",0,6,4,"Hyla_squirella"
"303","Hylidae","Hyla","Hyla_suweonensis","","lentic",1,"1",0,6,4,"Hyla_suweonensis"
"304","Hylidae","Hyla","Hyla_versicolor","","lentic",1,"1",0,6,4,"Hyla_versicolor"
"306","Hylidae","Hyloscirtus","Hyloscirtus_armatus","","lotic, suctorial",0,"1",1,4,2,"Hyloscirtus_armatus"
"307","Hylidae","Hyloscirtus","Hyloscirtus_colymba","","lotic, suctorial",0,"1",1,4,2,"Hyloscirtus_colymba"
"308","Hylidae","Isthmohyla","Isthmohyla_lancasteri","","lotic, sidepools",0,"-",0,NA,NA,"Isthmohyla_lancasteri"
"311","Hylidae","Isthmohyla","Isthmohyla_tica","","lotic, suctorial",0,"1",1,4,2,"Isthmohyla_tica"
"312","Hylidae","Isthmohyla","Isthmohyla_zeteki","","lentic, arboreal",1,"1",0,6,4,"Isthmohyla_zeteki"
"313","Hylidae","Itapotihyla","Itapotihyla_langsdorffii","","lentic",1,"1",0,6,4,"Itapotihyla_langsdorffii"
"314","Hylidae","Litoria","Litoria_adelaidensis","","lentic, nektonic",1,"1",0,6,4,"Litoria_adelaidensis"
"315","Hylidae","Litoria","Litoria_aurea","","lentic",1,"1",0,6,4,"Litoria_aurea"
"316","Hylidae","Litoria","Litoria_booroolongensis","","lotic, suctorial",0,"1",1,4,2,"Litoria_booroolongensis"
"318","Hylidae","Litoria","Litoria_citropa","","lotic, suctorial",0,"1",1,4,2,"Litoria_citropa"
"319","Hylidae","Litoria","Litoria_coplandi","","lotic, clasping",0,"1",0,3,2,"Litoria_coplandi"
"320","Hylidae","Litoria","Litoria_dahlii","","lentic, nektonic",1,"1",0,6,4,"Litoria_dahlii"
"321","Hylidae","Litoria","Litoria_dayi","?","lotic, suctorial",0,"0",1,2,1,NA
"322","Hylidae","Litoria","Litoria_electrica","","lentic",1,"1",0,6,4,"Litoria_electrica"
"323","Hylidae","Litoria","Litoria_eucnemis","","lentic, benthic",1,"1",0,6,4,"Litoria_eucnemis"
"324","Hylidae","Litoria","Litoria_inermis","","lentic",1,"1",0,6,4,"Litoria_inermis"
"327","Hylidae","Litoria","Litoria_jervisiensis","","lentic, nektonic",1,"1",0,6,4,"Litoria_jervisiensis"
"328","Hylidae","Litoria","Litoria_lesueurii","","lotic, suctorial",0,"1",1,4,2,"Litoria_lesueurii"
"329","Hylidae","Litoria","Litoria_moorei","","lentic, nektonic",1,"1",0,6,4,"Litoria_moorei"
"330","Hylidae","Litoria","Litoria_nannotis","","lotic, suctorial",0,"0",1,2,1,"Litoria_nannotis"
"331","Hylidae","Litoria","Litoria_nyakalensis","","lotic, suctorial",0,"0",1,2,1,"Litoria_nyakalensis"
"332","Hylidae","Litoria","Litoria_peronii","","lentic, nektonic",1,"1",0,6,4,"Litoria_peronii"
"333","Hylidae","Litoria","Litoria_rheocola","","lotic, suctorial",0,"0",1,2,1,"Litoria_rheocola"
"334","Hylidae","Litoria","Litoria_serrata","","lotic",0,"1",0,3,2,"Litoria_serrata"
"335","Hylidae","Litoria","Litoria_subglandulosa","","lotic, suctorial",0,"1",1,4,2,"Litoria_subglandulosa"
"336","Hylidae","Litoria","Litoria_xanthomera","","lentic",1,"1",0,6,4,"Litoria_xanthomera"
"338","Hylidae","Megastomatohyla","Megastomatohyla_mixe","","lotic, suctorial",0,"0",1,2,1,"Megastomatohyla_mixe"
"339","Hylidae","Megastomatohyla","Megastomatohyla_mixomaculata","Megastomatohyla_pellita","lotic, suctorial",0,"0",1,2,1,"Megastomatohyla_pellita"
"343","Hylidae","Nyctimystes","Nyctimystes_cheesmani","","lotic, suctorial",0,"0",1,2,1,"Nyctimystes_cheesmani"
"344","Hylidae","Osteocephalus","Osteocephalus_oophagus","","lentic, arboreal",1,"1",0,6,4,"Osteocephalus_oophagus"
"345","Hylidae","Osteocephalus","Osteocephalus_planiceps","","lentic, arboreal",1,"1",0,6,4,"Osteocephalus_planiceps"
"346","Hylidae","Osteopilus","Osteopilus_dominicensis","","lentic, arboreal",1,"1",0,6,4,"Osteopilus_dominicensis"
"347","Hylidae","Osteopilus","Osteopilus_ocellatus","","lentic, arboreal",1,"1",0,6,4,"Osteopilus_ocellatus"
"348","Hylidae","Osteopilus","Osteopilus_septentrionalis","","lentic",1,"1",0,6,4,"Osteopilus_septentrionalis"
"349","Hylidae","Osteopilus","Osteopilus_vastus","","lotic",0,"1",0,3,2,"Osteopilus_vastus"
"350","Hylidae","Phasmahyla","Phasmahyla_cochranae","","lentic, neustonic",1,"1",0,6,4,"Phasmahyla_cochranae"
"351","Hylidae","Phasmahyla","Phasmahyla_cruzi","","lentic, neustonic",1,"1",0,6,4,"Phasmahyla_cruzi"
"352","Hylidae","Phasmahyla","Phasmahyla_guttata","","lentic, neustonic",1,"1",0,6,4,"Phasmahyla_guttata"
"355","Hylidae","Phyllomedusa","Phyllomedusa_distincta","","lentic, suspension feeder",1,"1",0,6,4,"Phyllomedusa_distincta"
"356","Hylidae","Phyllomedusa","Phyllomedusa_vaillantii","","lentic, nektonic",1,"1",0,6,4,"Phyllomedusa_vaillantii"
"358","Hylidae","Plectrohyla","Plectrohyla_guatemalensis","","lotic",0,"1",0,3,2,"Plectrohyla_guatemalensis"
"359","Hylidae","Plectrohyla","Plectrohyla_teuchestes","Plectrohyla_matudai","lotic, suctorial",0,"1",1,4,2,"Plectrohyla_matudai"
"360","Hylidae","Pseudacris","Pseudacris_crucifer","","lentic, nektonic",1,"1",0,6,4,"Pseudacris_crucifer"
"361","Hylidae","Pseudacris","Pseudacris_ornata","","lentic, nektonic",1,"1",0,6,4,"Pseudacris_ornata"
"362","Hylidae","Pseudacris","Pseudacris_regilla","","lentic",1,"1",0,6,4,"Pseudacris_regilla"
"364","Hylidae","Pseudis","Pseudis_minuta","","lentic, nektonic",1,"1",0,6,4,"Pseudis_minuta"
"365","Hylidae","Pseudis","Pseudis_paradoxa","","lentic, nektonic",1,"1",0,6,4,"Pseudis_paradoxa"
"366","Hylidae","Ptychohyla","Ptychohyla_hypomykter","","lotic",0,"1",0,3,2,"Ptychohyla_hypomykter"
"367","Hylidae","Ptychohyla","Ptychohyla_zophodes","","lotic",0,"1",0,3,2,"Ptychohyla_zophodes"
"368","Hylidae","Ranoidea","Litoria_caerulea","","lentic",1,"1",0,6,4,"Litoria_caerulea"
"369","Hylidae","Ranoidea","Litoria_rubella","","lentic",1,"1",0,6,4,"Litoria_rubella"
"370","Hylidae","Sarcohyla","Sarcohyla_arborescandens","","lotic",0,"1",0,3,2,"Sarcohyla_arborescandens"
"372","Hylidae","Scarthyla","Scarthyla_goinorum","","lentic, nektonic",1,"1",0,6,4,"Scarthyla_goinorum"
"373","Hylidae","Scarthyla","Scarthyla_vigilans","","lentic",1,"1",0,6,4,"Scarthyla_vigilans"
"374","Hylidae","Scinax","Scinax_albicans","","lentic, nektonic",1,"1",0,6,4,"Scinax_albicans"
"375","Hylidae","Scinax","Scinax_nasicus","","lentic",1,"1",0,6,4,"Scinax_nasicus"
"376","Hylidae","Scinax","Scinax_ruber","","lentic",1,"1",0,6,4,"Scinax_ruber"
"377","Hylidae","Smilisca","Smilisca_baudinii","","lentic",1,"1",0,6,4,"Smilisca_baudinii"
"378","Hylidae","Smilisca","Smilisca_phaeota","","lentic",1,"1",0,6,4,"Smilisca_phaeota"
"379","Hylidae","Sphaenorhynchus","Sphaenorhynchus_dorisae","","lentic, benthic",1,"1",0,6,4,"Sphaenorhynchus_dorisae"
"381","Hylidae","Tlalocohyla","Tlalocohyla_loquax","","lentic",1,"1",0,6,4,"Tlalocohyla_loquax"
"382","Hylidae","Trachycephalus","Trachycephalus_resinifictrix","","lentic, nektonic",1,"1",0,6,4,"Trachycephalus_resinifictrix"
"383","Hylidae","Trachycephalus","Trachycephalus_typhonius","","lentic",1,"1",0,6,4,"Trachycephalus_typhonius"
"384","Hylidae","Triprion","Triprion_petasatus","","lentic, benthic",1,"1",0,6,4,"Triprion_petasatus"
"385","Hylidae","Xenohyla","Xenohyla_truncata","","lentic, nektonic",1,"1",0,6,4,"Xenohyla_truncata"
"386","Hylodidae","Crossodactylus","Crossodactylus_gaudichaudii","","lotic, benthic",0,"1",0,3,2,"Crossodactylus_gaudichaudii"
"387","Hylodidae","Crossodactylus","Crossodactylus_schmidti","","lotic, benthic",0,"1",0,3,2,"Crossodactylus_schmidti"
"388","Hylodidae","Hylodes","Hylodes_asper","","lotic",0,"1",0,3,2,"Hylodes_asper"
"389","Hylodidae","Hylodes","Hylodes_meridionalis","","lotic, benthic",0,"1",0,3,2,"Hylodes_meridionalis"
"390","Hylodidae","Hylodes","Hylodes_phyllodes","","lotic",0,"1",0,3,2,"Hylodes_phyllodes"
"391","Hylodidae","Megaelosia","Megaelosia_goeldii","","lotic, benthic",0,"1",0,3,2,"Megaelosia_goeldii"
"392","Hyperoliidae","Acanthixalus","Acanthixalus_spinosus","","lentic, arboreal",1,"1",0,6,4,"Acanthixalus_spinosus"
"393","Hyperoliidae","Afrixalus","Afrixalus_delicatus","","lentic, nektonic",1,"1",0,6,4,"Afrixalus_delicatus"
"394","Hyperoliidae","Afrixalus","Afrixalus_dorsalis","","lentic",1,"1",0,6,4,"Afrixalus_dorsalis"
"401","Hyperoliidae","Hyperolius","Hyperolius_marmoratus","","lentic",1,"1",0,6,4,"Hyperolius_marmoratus"
"402","Hyperoliidae","Hyperolius","Hyperolius_puncticulatus","","lentic, benthic",1,"1",0,6,4,"Hyperolius_puncticulatus"
"403","Hyperoliidae","Hyperolius","Hyperolius_pusillus","","lentic",1,"1",0,6,4,"Hyperolius_pusillus"
"404","Hyperoliidae","Hyperolius","Hyperolius_tuberilinguis","","lentic",1,"1",0,6,4,"Hyperolius_tuberilinguis"
"405","Hyperoliidae","Kassina","Kassina_cochranae","","lentic, nektonic",1,"1",0,6,4,"Kassina_cochranae"
"406","Hyperoliidae","Kassina","Kassina_senegalensis","","lentic, nektonic",1,"1",0,6,4,"Kassina_senegalensis"
"411","Hyperoliidae","Phlyctimantis","Phlyctimantis_leonardi","","lentic, nektonic",1,"1",0,6,4,"Phlyctimantis_leonardi"
"412","Hyperoliidae","Phlyctimantis","Phlyctimantis_maculatus","","lentic, nektonic",1,"1",0,6,4,"Phlyctimantis_maculatus"
"413","Hyperoliidae","Semnodactylus","Semnodactylus_wealii","","lentic, nektonic",1,"1",0,6,4,"Semnodactylus_wealii"
"414","Hyperoliidae","Tachycnemis","Tachycnemis_seychellensis","","lotic, benthic",0,"1",0,3,2,"Tachycnemis_seychellensis"
"416","Leptodactylidae","Adenomera","Adenomera_hylaedactyla","","lentic, benthic",1,"1",0,6,4,"Adenomera_hylaedactyla"
"418","Leptodactylidae","Crossodactylodes","Crossodactylodes_itambe","","lentic, arboreal",1,"1",0,6,4,"Crossodactylodes_itambe"
"420","Leptodactylidae","Engystomops","Engystomops_petersi","","lentic",1,"1",0,6,4,"Engystomops_petersi"
"421","Leptodactylidae","Engystomops","Engystomops_pustulosus","","lentic",1,"1",0,6,4,"Engystomops_pustulosus"
"423","Leptodactylidae","Leptodactylus","Leptodactylus_flavopictus","","lotic",0,"1",0,3,2,"Leptodactylus_flavopictus"
"424","Leptodactylidae","Leptodactylus","Leptodactylus_fuscus","","lentic, benthic",1,"1",0,6,4,"Leptodactylus_fuscus"
"425","Leptodactylidae","Leptodactylus","Leptodactylus_gracilis","","lentic, benthic",1,"1",0,6,4,"Leptodactylus_gracilis"
"426","Leptodactylidae","Leptodactylus","Leptodactylus_knudseni","","lentic, benthic",1,"1",0,6,4,"Leptodactylus_knudseni"
"427","Leptodactylidae","Leptodactylus","Leptodactylus_latinasus","","lentic, benthic",1,"1",0,6,4,"Leptodactylus_latinasus"
"428","Leptodactylidae","Leptodactylus","Leptodactylus_latrans","","lentic",1,"1",0,6,4,"Leptodactylus_latrans"
"430","Leptodactylidae","Leptodactylus","Leptodactylus_mystaceus","","lentic, arboreal",1,"1",0,6,4,"Leptodactylus_mystaceus"
"431","Leptodactylidae","Leptodactylus","Leptodactylus_mystacinus","","lentic, benthic",1,"1",0,6,4,"Leptodactylus_mystacinus"
"433","Leptodactylidae","Leptodactylus","Leptodactylus_podicipinus","","lentic",1,"1",0,6,4,"Leptodactylus_podicipinus"
"434","Leptodactylidae","Leptodactylus","Leptodactylus_wagneri","","lentic, benthic",1,"1",0,6,4,"Leptodactylus_wagneri"
"436","Leptodactylidae","Paratelmatobius","Paratelmatobius_lutzii","?","lentic",1,"1",0,6,4,NA
"437","Leptodactylidae","Paratelmatobius","Paratelmatobius_mantiqueira","Paratelmatobius_poecilogaster","lentic",1,"1",0,6,4,"Paratelmatobius_poecilogaster"
"438","Leptodactylidae","Physalaemus","Physalaemus_biligonigerus","","lentic, benthic",1,"1",0,6,4,"Physalaemus_biligonigerus"
"439","Leptodactylidae","Physalaemus","Physalaemus_cuvieri","","lentic",1,"1",0,6,4,"Physalaemus_cuvieri"
"440","Leptodactylidae","Pleurodema","Pleurodema_borellii","","lentic, benthic",1,"1",0,6,4,"Pleurodema_borellii"
"441","Leptodactylidae","Pleurodema","Pleurodema_brachyops","","lentic, benthic",1,"1",0,6,4,"Pleurodema_brachyops"
"442","Leptodactylidae","Pleurodema","Pleurodema_bufoninum","","lentic, benthic",1,"1",0,6,4,"Pleurodema_bufoninum"
"443","Leptodactylidae","Pleurodema","Pleurodema_cinereum","","lentic, benthic",1,"1",0,6,4,"Pleurodema_cinereum"
"444","Leptodactylidae","Pleurodema","Pleurodema_kriegi","","lentic, benthic",1,"1",0,6,4,"Pleurodema_kriegi"
"445","Leptodactylidae","Pleurodema","Pleurodema_nebulosum","","lentic, benthic",1,"1",0,6,4,"Pleurodema_nebulosum"
"446","Leptodactylidae","Pseudopaludicola","Pseudopaludicola_falcipes","","lentic",1,"1",0,6,4,"Pseudopaludicola_falcipes"
"447","Leptodactylidae","Rupirana","Rupirana_cardosoi","","lentic, benthic",1,"1",0,6,4,"Rupirana_cardosoi"
"450","Mantellidae","Aglyptodactylus","Aglyptodactylus_madagascariensis","","lentic",1,"1",0,6,4,"Aglyptodactylus_madagascariensis"
"451","Mantellidae","Blommersia","Blommersia_transmarina","","lentic",1,"1",0,6,4,"Blommersia_transmarina"
"453","Mantellidae","Boophis","Boophis_albilabris","","lotic, suctorial",0,"1",1,4,2,"Boophis_albilabris"
"454","Mantellidae","Boophis","Boophis_sp.","Boophis_majori","lotic, suctorial",0,"1",1,4,2,"Boophis_majori"
"455","Mantellidae","Gephyromantis","Gephyromantis_pseudoasper","","lotic",0,"1",0,3,2,"Gephyromantis_pseudoasper"
"456","Mantellidae","Guibemantis","Guibemantis_liber","","lentic",1,"1",0,6,4,"Guibemantis_liber"
"457","Mantellidae","Laliostoma","Laliostoma_labrosum","","lentic",1,"1",0,6,4,"Laliostoma_labrosum"
"458","Mantellidae","Mantella","Mantella_aurantiaca","","lentic",1,"1",0,6,4,"Mantella_aurantiaca"
"459","Mantellidae","Mantidactylus","Mantidactylus_aerumnalis","","lotic, neustonic",0,"1",0,3,2,"Mantidactylus_aerumnalis"
"460","Mantellidae","Mantidactylus","Mantidactylus_alutus","","lotic lentic",1,"1",0,6,4,"Mantidactylus_alutus"
"461","Mantellidae","Mantidactylus","Mantidactylus_biporus","","lotic lentic",1,"1",0,6,4,"Mantidactylus_biporus"
"462","Mantellidae","Mantidactylus","Mantidactylus_femoralis","","lotic, sand-eating",0,"1",1,4,2,"Mantidactylus_femoralis"
"463","Mantellidae","Mantidactylus","Mantidactylus_guttulatus","","lotic",0,"1",0,3,2,"Mantidactylus_guttulatus"
"464","Mantellidae","Mantidactylus","Mantidactylus_majori","","lotic, sand-eating",0,"0",1,2,1,"Mantidactylus_majori"
"465","Mantellidae","Mantidactylus","Mantidactylus_melanopleura","","lotic, neustonic",0,"1",0,3,2,"Mantidactylus_melanopleura"
"466","Mantellidae","Mantidactylus","Mantidactylus_opiparis","","lotic, neustonic",0,"1",0,3,2,"Mantidactylus_opiparis"
"471","Mantellidae","Spinomantis","Spinomantis_fimbriatus","","lotic",0,"1",0,3,2,"Spinomantis_fimbriatus"
"475","Megophryidae","Boulenophrys","Boulenophrys_minor","","lotic, neustonic",0,"1",0,3,2,"Boulenophrys_minor"
"477","Megophryidae","Leptobrachella","Leptobrachella_gracilis","","lotic, fossorial",0,"0",1,2,1,"Leptobrachella_gracilis"
"478","Megophryidae","Leptobrachella","Leptobrachella_pelodytoides","","lotic, fossorial",0,"0",1,2,1,"Leptobrachella_pelodytoides"
"479","Megophryidae","Leptobrachella","Leptobrachella_sp.","Leptobrachella_oshanensis","lotic, fossorial",0,"0",1,2,1,"Leptobrachella_oshanensis"
"480","Megophryidae","Leptobrachium","Leptobrachium_cf_hasseltii","Leptobrachium_hasseltii","lotic, benthic",0,"1",0,3,2,"Leptobrachium_hasseltii"
"481","Megophryidae","Leptobrachium","Leptobrachium_montanum","","lotic, benthic",0,"1",0,3,2,"Leptobrachium_montanum"
"482","Megophryidae","Leptobrachium","Leptobrachium_nigrops","","lotic, benthic",0,"1",0,3,2,"Leptobrachium_nigrops"
"483","Megophryidae","Megophrys","Megophrys_montana","","lotic, neustonic",0,"1",0,3,2,"Megophrys_montana"
"486","Megophryidae","Oreolalax","Oreolalax_rhodostigmatus","","lentic, cave pools",1,"1",0,6,4,"Oreolalax_rhodostigmatus"
"487","Megophryidae","Pelobatrachus","Pelobatrachus_ligayae","","lotic, neustonic",0,"1",0,3,2,"Pelobatrachus_ligayae"
"488","Megophryidae","Pelobatrachus","Pelobatrachus_nasuta","","lotic, neustonic",0,"1",0,3,2,"Pelobatrachus_nasuta"
"489","Megophryidae","Pelobatrachus","Pelobatrachus_stejnegeri","","lotic, neustonic",0,"1",0,3,2,"Pelobatrachus_stejnegeri"
"497","Gastrophryninae","Arcovomer","Arcovomer_passarellii","","lentic",1,"1",0,6,4,"Arcovomer_passarellii"
"502","Microhylinae","Chaperina","Chaperina_fusca","","lentic, suspension feeder",1,"1",0,6,4,"Chaperina_fusca"
"503","Gastrophryninae","Chiasmocleis","Chiasmocleis_antenori","","lentic, arboreal",1,"1",0,6,4,"Chiasmocleis_antenori"
"508","Gastrophryninae","Ctenophryne","Ctenophryne_geayi","","lentic, suspension feeder",1,"1",0,6,4,"Ctenophryne_geayi"
"510","Gastrophryninae","Dermatonotus","Dermatonotus_muelleri","","lentic, suspension feeder",1,"1",0,6,4,"Dermatonotus_muelleri"
"511","Dyscophinae","Dyscophus","Dyscophus_antongilii","","lentic, suspension feeder",1,"1",0,6,4,"Dyscophus_antongilii"
"512","Gastrophryninae","Elachistocleis","Elachistocleis_bicolor","","lentic, suspension feeder",1,"1",0,6,4,"Elachistocleis_bicolor"
"513","Gastrophryninae","Gastrophryne","Gastrophryne_carolinensis","","lentic, suspension feeder",1,"1",0,6,4,"Gastrophryne_carolinensis"
"516","Microhylinae","Glyphoglossus","Glyphoglossus_guttulatus","","lentic, suspension feeder",1,"1",0,6,4,"Glyphoglossus_guttulatus"
"517","Microhylinae","Glyphoglossus","Glyphoglossus_molossus","","lentic",1,"1",0,6,4,"Glyphoglossus_molossus"
"518","Gastrophryninae","Hamptophryne","Hamptophryne_alios","","lentic",1,"1",0,6,4,"Hamptophryne_alios"
"519","Gastrophryninae","Hamptophryne","Hamptophryne_boliviana","","lentic, suspension feeder",1,"1",0,6,4,"Hamptophryne_boliviana"
"520","Hoplophryninae","Hoplophryne","Hoplophryne_rogersi","","lentic, arboreal",1,"1",0,6,4,"Hoplophryne_rogersi"
"521","Hoplophryninae","Hoplophryne","Hoplophryne_uluguruensis","","lentic, arboreal",1,"1",0,6,4,"Hoplophryne_uluguruensis"
"523","Gastrophryninae","Hypopachus","Hypopachus_barberi","","lentic, suspension feeder",1,"1",0,6,4,"Hypopachus_barberi"
"524","Kalophryninae","Kalophrynus","Kalophrynus_sinensis","","lentic",1,"1",0,6,4,"Kalophrynus_sinensis"
"525","Microhylinae","Kaloula","Kaloula_pulchra","","lentic, suspension feeder",1,"1",0,6,4,"Kaloula_pulchra"
"532","Microhylinae","Microhyla","Microhyla_annamensis","","lentic, suspension feeder",1,"1",0,6,4,"Microhyla_annamensis"
"533","Microhylinae","Microhyla","Microhyla_arboricola","","lentic, arboreal",1,"1",0,6,4,"Microhyla_arboricola"
"534","Microhylinae","Microhyla","Microhyla_borneensis","","lentic, arboreal",1,"1",0,6,4,"Microhyla_borneensis"
"535","Microhylinae","Microhyla","Microhyla_fissipes","","lentic, suspension feeder",1,"1",0,6,4,"Microhyla_fissipes"
"536","Microhylinae","Microhyla","Microhyla_heymonsi","","lentic, neustonic",1,"1",0,6,4,"Microhyla_heymonsi"
"537","Microhylinae","Microhyla","Microhyla_malang","","lentic, suspension feeder",1,"1",0,6,4,"Microhyla_malang"
"538","Microhylinae","Microhyla","Microhyla_minuta","","lentic, neustonic",1,"1",0,6,4,"Microhyla_minuta"
"539","Microhylinae","Microhyla","Microhyla_ornata","","lentic, suspension feeder",1,"1",0,6,4,"Microhyla_ornata"
"540","Microhylinae","Microhyla","Microhyla_pineticola","","lentic, suspension feeder",1,"1",0,6,4,"Microhyla_pineticola"
"541","Microhylinae","Micryletta","Micryletta_inornata","","lentic",1,"1",0,6,4,"Micryletta_inornata"
"547","Otophryninae","Otophryne","Otophryne_robusta","","lotic, fossorial",0,"0",1,2,1,"Otophryne_robusta"
"550","Scaphiophryninae","Paradoxophyla","Paradoxophyla_palmata","","lentic, suspension feeder",1,"1",0,6,4,"Paradoxophyla_palmata"
"553","Phrynomerinae","Phrynomantis","Phrynomantis_annectens","","lentic, suspension feeder",1,"1",0,6,4,"Phrynomantis_annectens"
"554","Phrynomerinae","Phrynomantis","Phrynomantis_bifasciatus","","lentic, suspension feeder",1,"1",0,6,4,"Phrynomantis_bifasciatus"
"559","Scaphiophryninae","Scaphiophryne","Scaphiophryne_calcarata","","lentic",1,"1",0,6,4,"Scaphiophryne_calcarata"
"560","Scaphiophryninae","Scaphiophryne","Scaphiophryne_madagascariensis","","lentic, suspension feeder",1,"1",0,6,4,"Scaphiophryne_madagascariensis"
"561","Scaphiophryninae","Scaphiophryne","Scaphiophryne_spinosa","","lentic",1,"1",0,6,4,"Scaphiophryne_spinosa"
"562","Asterophryinae","Siamophryne","Siamophryne_troglodytes","","lentic, cave pools",1,"1",0,6,4,"Siamophryne_troglodytes"
"564","Gastrophryninae","Stereocyclops","Stereocyclops_incrassatus","","lentic, suspension feeder",1,"1",0,6,4,"Stereocyclops_incrassatus"
"571","Limnodynastinae","Heleioporus","Heleioporus_sp.","Heleioporus_australiacus","lentic, benthic",1,"1",0,6,4,"Heleioporus_australiacus"
"573","Limnodynastinae","Limnodynastes","Limnodynastes_dumerilii","","lentic",1,"1",0,6,4,"Limnodynastes_dumerilii"
"574","Limnodynastinae","Limnodynastes","Limnodynastes_interioris","","lentic",1,"1",0,6,4,"Limnodynastes_interioris"
"575","Limnodynastinae","Limnodynastes","Limnodynastes_lignarius","","lotic, suctorial",0,"1",1,4,2,"Limnodynastes_lignarius"
"577","Limnodynastinae","Limnodynastes","Limnodynastes_peronii","","lentic",1,"1",0,6,4,"Limnodynastes_peronii"
"578","Limnodynastinae","Limnodynastes","Limnodynastes_tasmaniensis","","lentic, benthic",1,"1",0,6,4,"Limnodynastes_tasmaniensis"
"579","Limnodynastinae","Neobatrachus","Neobatrachus_aquilonius","","lentic",1,"1",0,6,4,"Neobatrachus_aquilonius"
"580","Limnodynastinae","Neobatrachus","Neobatrachus_sudellae","","lentic, benthic",1,"1",0,6,4,"Neobatrachus_sudellae"
"581","Limnodynastinae","Neobatrachus","Neobatrachus_wilsmorei","","lentic",1,"1",0,6,4,"Neobatrachus_wilsmorei"
"582","Limnodynastinae","Notaden","Notaden_melanoscaphus","","lentic",1,"1",0,6,4,"Notaden_melanoscaphus"
"583","Limnodynastinae","Notaden","Notaden_nichollsi","","lentic",1,"1",0,6,4,"Notaden_nichollsi"
"585","Limnodynastinae","Platyplectrum","Platyplectrum_ornatum","","lentic",1,"1",0,6,4,"Platyplectrum_ornatum"
"588","Myobatrachinae","Crinia","Crinia_insignifera","","lentic, benthic",1,"0",0,5,3,"Crinia_insignifera"
"589","Myobatrachinae","Crinia","Crinia_riparia","","lotic, benthic",0,"0",0,1,1,"Crinia_riparia"
"590","Myobatrachinae","Crinia","Crinia_signifera","","lentic, benthic",1,"0",0,5,3,"Crinia_signifera"
"591","Myobatrachinae","Crinia","Crinia_tasmaniensis","","lotic lentic",1,"0",0,5,3,"Crinia_tasmaniensis"
"594","Myobatrachinae","Mixophyes","Mixophyes_balbus","","lotic, suctorial",0,"1",1,4,2,"Mixophyes_balbus"
"595","Myobatrachinae","Mixophyes","Mixophyes_schevilli","","lotic, suctorial",0,"1",1,4,2,"Mixophyes_schevilli"
"599","Myobatrachinae","Pseudophryne","Pseudophryne_bibronii","","lentic, benthic",1,"0",0,5,3,"Pseudophryne_bibronii"
"602","Myobatrachinae","Taudactylus","Taudactylus_diurnus","Taudactylus_acutirostris","lotic, benthic",0,"1",0,3,2,"Taudactylus_acutirostris"
"608","Odontobatrachidae","Odontobatrachus","Odontobatrachus_fouta","","lotic, suctorial",0,"0",1,2,1,"Odontobatrachus_fouta"
"609","Odontobatrachidae","Odontobatrachus","Odontobatrachus_natator","","lotic, suctorial",0,"0",1,2,1,"Odontobatrachus_natator"
"610","Odontophrynidae","Macrogenioglottus","Macrogenioglottus_alipioi","","lentic, benthic",1,"1",0,6,4,"Macrogenioglottus_alipioi"
"611","Odontophrynidae","Odontophrynus","Odontophrynus_americanus","","lentic, benthic",1,"1",0,6,4,"Odontophrynus_americanus"
"612","Odontophrynidae","Odontophrynus","Odontophrynus_occidentalis","","lentic, benthic",1,"1",0,6,4,"Odontophrynus_occidentalis"
"613","Odontophrynidae","Proceratophrys","Proceratophrys_appendiculata","","lotic, benthic",0,"1",0,3,2,"Proceratophrys_appendiculata"
"614","Odontophrynidae","Proceratophrys","Proceratophrys_bigibbosa","","lentic, benthic",1,"1",0,6,4,"Proceratophrys_bigibbosa"
"615","Odontophrynidae","Proceratophrys","Proceratophrys_boiei","","lotic, benthic",0,"1",0,3,2,"Proceratophrys_boiei"
"616","Odontophrynidae","Proceratophrys","Proceratophrys_brauni","","lotic",0,"1",0,3,2,"Proceratophrys_brauni"
"617","Pelobatidae","Pelobates","Pelobates_cultripes","","lentic, benthic",1,"1",0,6,4,"Pelobates_cultripes"
"618","Pelobatidae","Pelobates","Pelobates_fuscus","","lentic, benthic",1,"1",0,6,4,"Pelobates_fuscus"
"619","Pelodytidae","Pelodytes","Pelodytes_caucasicus","","lentic, benthic",1,"1",0,6,4,"Pelodytes_caucasicus"
"627","Petropedetidae","Petropedetes","Petropedetes_perreti","","lotic, semiterrestrial",0,"1",1,4,2,"Petropedetes_perreti"
"628","Phrynobatrachidae","Phrynobatrachus","Phrynobatrachus_guineensis","","lentic, arboreal",1,"1",0,6,4,"Phrynobatrachus_guineensis"
"629","Phrynobatrachidae","Phrynobatrachus","Phrynobatrachus_natalensis","","lentic",1,"1",0,6,4,"Phrynobatrachus_natalensis"
"630","Pipidae","Hymenochirus","Hymenochirus_boettgeri","","lentic, carnivore",1,"1",0,6,4,"Hymenochirus_boettgeri"
"631","Pipidae","Pipa","Pipa_carvalhoi","","lentic, suspension feeder",1,"1",0,6,4,"Pipa_carvalhoi"
"632","Pipidae","Pipa","Pipa_myersi","","lentic, suspension feeder",1,"1",0,6,4,"Pipa_myersi"
"635","Pipidae","Xenopus","Xenopus_laevis","","lentic, suspension feeder",1,"1",0,6,4,"Xenopus_laevis"
"636","Pipidae","Xenopus","Xenopus_tropicalis","","lentic",1,"1",0,6,4,"Xenopus_tropicalis"
"639","Ptychadenidae","Ptychadena","Ptychadena_anchietae","","lentic",1,"1",0,6,4,"Ptychadena_anchietae"
"640","Ptychadenidae","Ptychadena","Ptychadena_mascareniensis","","lentic",1,"1",0,6,4,"Ptychadena_mascareniensis"
"641","Pyxicephalidae","Amietia","Amietia_angolensis","","lentic, benthic",1,"1",0,6,4,"Amietia_angolensis"
"642","Pyxicephalidae","Amietia","Amietia_delalandii","","lotic lentic",1,"1",0,6,4,"Amietia_delalandii"
"643","Pyxicephalidae","Amietia","Amietia_fuscigula","","lotic, sidepools",0,"1",0,3,2,"Amietia_fuscigula"
"645","Pyxicephalidae","Amietia","Amietia_vertebralis","","lotic, benthic",0,"1",0,3,2,"Amietia_vertebralis"
"649","Pyxicephalidae","Cacosternum","Cacosternum_namaquense","","lentic, benthic",1,"1",0,6,4,"Cacosternum_namaquense"
"651","Pyxicephalidae","Natalobatrachus","Natalobatrachus_bonebergi","","lotic",0,"1",0,3,2,"Natalobatrachus_bonebergi"
"652","Pyxicephalidae","Nothophryne","Nothophryne_inagoensis","Nothophryne_broadleyi","lotic, semiterrestrial",0,"0",1,2,1,"Nothophryne_broadleyi"
"653","Pyxicephalidae","Poyntonia","Poyntonia_paludicola","","lentic",1,"1",0,6,4,"Poyntonia_paludicola"
"654","Pyxicephalidae","Pyxicephalus","Pyxicephalus_adspersus","","lentic, benthic",1,"1",0,6,4,"Pyxicephalus_adspersus"
"655","Pyxicephalidae","Strongylopus","Strongylopus_grayii","","lentic",1,"1",0,6,4,"Strongylopus_grayii"
"656","Pyxicephalidae","Tomopterna","Tomopterna_cryptotis","","lentic",1,"1",0,6,4,"Tomopterna_cryptotis"
"657","Pyxicephalidae","Tomopterna","Tomopterna_luganga","","lentic",1,"1",0,6,4,"Tomopterna_luganga"
"659","Ranidae","Amnirana","Amnirana_albolabris","","lentic",1,"1",0,6,4,"Amnirana_albolabris"
"660","Ranidae","Amolops","Amolops_ricketti","","lotic, gastromyzophorous",0,"0",1,2,1,"Amolops_ricketti"
"661","Ranidae","Amolops","Amolops_sp.","Amolops_cremnobatus","lotic, gastromyzophorous",0,"0",1,2,1,"Amolops_cremnobatus"
"663","Ranidae","Chalcorana","Chalcorana_chalconota","","lotic",0,"1",0,3,2,"Chalcorana_chalconota"
"664","Ranidae","Chalcorana","Chalcorana_megalonesa","","lentic",1,"1",0,6,4,"Chalcorana_megalonesa"
"665","Ranidae","Clinotarsus","Clinotarsus_alticola","","lotic, benthic",0,"-",0,NA,NA,"Clinotarsus_alticola"
"666","Ranidae","Clinotarsus","Clinotarsus_penelope","","lentic",1,"1",0,6,4,"Clinotarsus_penelope"
"668","Ranidae","Huia","Huia_cavitympanum","","lotic, gastromyzophorous",0,"0",1,2,1,"Huia_cavitympanum"
"673","Ranidae","Meristogenys","Meristogenys_jerboa","","lotic, gastromyzophorous",0,"0",1,2,1,"Meristogenys_jerboa"
"676","Ranidae","Papurana","Papurana_kreffti","","lentic",1,"1",0,6,4,"Papurana_kreffti"
"680","Ranidae","Pelophylax","Pelophylax_ridibundus","","lentic",1,"1",0,6,4,"Pelophylax_ridibundus"
"682","Ranidae","Pulchrana","Pulchrana_grandocula","","lotic",0,"1",0,3,2,"Pulchrana_grandocula"
"683","Ranidae","Rana","Rana_berlandieri","","lentic",1,"1",0,6,4,"Rana_berlandieri"
"684","Ranidae","Rana","Rana_blairi","","lentic",1,"1",0,6,4,"Rana_blairi"
"685","Ranidae","Rana","Rana_catesbeiana","","lentic",1,"1",0,6,4,"Rana_catesbeiana"
"686","Ranidae","Rana","Rana_chiricahuensis","","lentic",1,"1",0,6,4,"Rana_chiricahuensis"
"687","Ranidae","Rana","Rana_clamitans","","lentic",1,"1",0,6,4,"Rana_clamitans"
"688","Ranidae","Rana","Rana_johnsi","","lotic",0,"1",0,3,2,"Rana_johnsi"
"689","Ranidae","Rana","Rana_juliani","","lotic",0,"1",0,3,2,"Rana_juliani"
"690","Ranidae","Rana","Rana_longicrus","","lentic",1,"1",0,6,4,"Rana_longicrus"
"691","Ranidae","Rana","Rana_maculata","","lentic",1,"1",0,6,4,"Rana_maculata"
"692","Ranidae","Rana","Rana_magnaocularis","","lentic",1,"1",0,6,4,"Rana_magnaocularis"
"693","Ranidae","Rana","Rana_neovolcanica","","lentic",1,"1",0,6,4,"Rana_neovolcanica"
"694","Ranidae","Rana","Rana_omeimontis","","lentic",1,"1",0,6,4,"Rana_omeimontis"
"695","Ranidae","Rana","Rana_palmipes","","lentic",1,"1",0,6,4,"Rana_palmipes"
"696","Ranidae","Rana","Rana_palustris","","lentic",1,"1",0,6,4,"Rana_palustris"
"697","Ranidae","Rana","Rana_pipiens","","lentic",1,"1",0,6,4,"Rana_pipiens"
"698","Ranidae","Rana","Rana_pretiosa","","lentic",1,"1",0,6,4,"Rana_pretiosa"
"699","Ranidae","Rana","Rana_pustulosa","","lotic",0,"1",0,3,2,"Rana_pustulosa"
"700","Ranidae","Rana","Rana_sauteri","","lotic, gastromyzophorous",0,"1",1,4,2,"Rana_sauteri"
"701","Ranidae","Rana","Rana_septentrionalis","","lentic",1,"1",0,6,4,"Rana_septentrionalis"
"702","Ranidae","Rana","Rana_sierramadrensis","","lotic, benthic",0,"1",0,3,2,"Rana_sierramadrensis"
"703","Ranidae","Rana","Rana_spectabilis","","lentic",1,"1",0,6,4,"Rana_spectabilis"
"704","Ranidae","Rana","Rana_sphenocephala","","lentic",1,"1",0,6,4,"Rana_sphenocephala"
"705","Ranidae","Rana","Rana_sylvatica","","lentic",1,"1",0,6,4,"Rana_sylvatica"
"706","Ranidae","Rana","Rana_temporaria","","lentic",1,"1",0,6,4,"Rana_temporaria"
"707","Ranidae","Rana","Rana_vaillanti","","lentic",1,"1",0,6,4,"Rana_vaillanti"
"708","Ranidae","Rana","Rana_vibicaria","","lentic",1,"1",0,6,4,"Rana_vibicaria"
"709","Ranidae","Rana","Rana_virgatipes","","lentic",1,"1",0,6,4,"Rana_virgatipes"
"710","Ranidae","Rana","Rana_warszewitschii","","lotic, benthic",0,"1",0,3,2,"Rana_warszewitschii"
"711","Ranidae","Rana","Rana_yavapaiensis","","lentic",1,"1",0,6,4,"Rana_yavapaiensis"
"712","Ranidae","Rana","Rana_zweifeli","","lentic, benthic",1,"1",0,6,4,"Rana_zweifeli"
"713","Ranidae","Sanguirana","Sanguirana_mearnsi","","lotic",0,"1",0,3,2,"Sanguirana_mearnsi"
"714","Ranidae","Staurois","Staurois_parvus","","lotic, fossorial",0,"1",1,4,2,"Staurois_parvus"
"716","Ranidae","Sylvirana","Sylvirana_maosonensis","","lentic",1,"1",0,6,4,"Sylvirana_maosonensis"
"717","Ranidae","Sylvirana","Sylvirana_nigrovittata","","lotic",0,"1",0,3,2,"Sylvirana_nigrovittata"
"722","Rhacophoridae","Buergeria","Buergeria_japonica","","lotic, benthic, hot springs",0,"1",0,3,2,"Buergeria_japonica"
"724","Rhacophoridae","Chiromantis","Chiromantis_nongkhorensis","","lentic",1,"1",0,6,4,"Chiromantis_nongkhorensis"
"725","Rhacophoridae","Chiromantis","Chiromantis_xerampelina","","lentic, benthic",1,"1",0,6,4,"Chiromantis_xerampelina"
"726","Rhacophoridae","Feihyla","Feihyla_kajau","","lentic",1,"1",0,6,4,"Feihyla_kajau"
"729","Rhacophoridae","Kurixalus","Kurixalus_appendiculatus","","lentic",1,"1",0,6,4,"Kurixalus_appendiculatus"
"730","Rhacophoridae","Leptomantis","Leptomantis_angulirostris","","lotic, suctorial",0,"1",1,4,2,"Leptomantis_angulirostris"
"731","Rhacophoridae","Leptomantis","Leptomantis_fasciatus","","lentic",1,"1",0,6,4,"Leptomantis_fasciatus"
"732","Rhacophoridae","Leptomantis","Leptomantis_penanorum","","lotic, suctorial",0,"1",1,4,2,"Leptomantis_penanorum"
"736","Rhacophoridae","Nyctixalus","Nyctixalus_pictus","","lentic, arboreal",1,"1",0,6,4,"Nyctixalus_pictus"
"737","Rhacophoridae","Nyctixalus","Nyctixalus_spinosum","","lentic, arboreal",1,"1",0,6,4,"Nyctixalus_spinosum"
"738","Rhacophoridae","Philautus","Philautus_sp.","Philautus_hosii","lentic, arboreal",1,"1",0,6,4,"Philautus_hosii"
"739","Rhacophoridae","Polypedates","Polypedates_leucomystax","","lentic, benthic",1,"1",0,6,4,"Polypedates_leucomystax"
"742","Rhacophoridae","Rhacophorus","Rhacophorus_baluensis","","lentic",1,"1",0,6,4,"Rhacophorus_baluensis"
"743","Rhacophoridae","Rhacophorus","Rhacophorus_pardalis","","lentic, benthic",1,"1",0,6,4,"Rhacophorus_pardalis"
"745","Rhacophoridae","Theloderma","Theloderma_horridum","","lentic, arboreal",1,"1",0,6,4,"Theloderma_horridum"
"746","Rhacophoridae","Theloderma","Theloderma_leporosum","","lentic, arboreal",1,"1",0,6,4,"Theloderma_leporosum"
"747","Rhacophoridae","Zhangixalus","Zhangixalus_dulitensis","","lentic",1,"1",0,6,4,"Zhangixalus_dulitensis"
"748","Rhacophoridae","Zhangixalus","Zhangixalus_moltrechti","","lentic",1,"1",0,6,4,"Zhangixalus_moltrechti"
"752","Rhinophrynidae","Rhinophrynus","Rhinophrynus_dorsalis","","lentic, suspension feeder",1,"1",0,6,4,"Rhinophrynus_dorsalis"
"754","Scaphiopodidae","Scaphiopus","Scaphiopus_holbrookii","","lentic, benthic",1,"1",0,6,4,"Scaphiopus_holbrookii"
"755","Scaphiopodidae","Spea","Spea_bombifrons","","lentic, benthic",1,"1",0,6,4,"Spea_bombifrons"
"756","Scaphiopodidae","Spea","Spea_hammondii","","lentic, benthic",1,"1",0,6,4,"Spea_hammondii"
"757","Scaphiopodidae","Spea","Spea_intermontana","","lentic, benthic",1,"1",0,6,4,"Spea_intermontana"
"758","Scaphiopodidae","Spea","Spea_multiplicata","","lentic, benthic",1,"1",0,6,4,"Spea_multiplicata"
"780","Telmatobiidae","Telmatobius","Telmatobius_arequipensis","?","lotic",0,"1",0,3,2,NA
"781","Telmatobiidae","Telmatobius","Telmatobius_atahualpai","Telmatobius_verrucosus","lotic, suctorial",0,"1",1,4,2,"Telmatobius_verrucosus"
"782","Telmatobiidae","Telmatobius","Telmatobius_jelskii","?","lotic, benthic",0,"1",0,3,2,NA
"783","Telmatobiidae","Telmatobius","Telmatobius_macrostomus","","lentic",1,"1",0,6,4,"Telmatobius_macrostomus"
"784","Telmatobiidae","Telmatobius","Telmatobius_marmoratus","","lentic, benthic",1,"1",0,6,4,"Telmatobius_marmoratus"
"785","Telmatobiidae","Telmatobius","Telmatobius_peruvianus","","lotic",0,"1",0,3,2,"Telmatobius_peruvianus"
"113","Bufonidae","Rhinella","Rhinella_amabilis","Rhinella_limensis","",NA,"0",0,NA,NA,"Rhinella_limensis"
"190","Dendrobatidae","Allobates","Allobates_grillisimilis","","",NA,"1",0,NA,NA,"Allobates_grillisimilis"
"199","Dendrobatidae","Colostethus","Colostethus_dunni","?","",NA,"1",0,NA,NA,NA
"723","Rhacophoridae","Chirixalus","Chirixalus_sp.","?","",NA,"1",0,NA,NA,NA
